item;arquivo;path;width;height;bytes;modified
001;ChatGPT Image 3 de jul. de 2026, 06_51_13 (2).png;C:\Users\bruno\Downloads\produto lote 1\ChatGPT Image 3 de jul. de 2026, 06_51_13 (2).png;1254;1254;2101386;1783072275.4467204
002;ChatGPT Image 3 de jul. de 2026, 06_51_13 (1).png;C:\Users\bruno\Downloads\produto lote 1\ChatGPT Image 3 de jul. de 2026, 06_51_13 (1).png;1254;1254;1815450;1783072275.4477177
003;ChatGPT Image 3 de jul. de 2026, 06_51_13 (3).png;C:\Users\bruno\Downloads\produto lote 1\ChatGPT Image 3 de jul. de 2026, 06_51_13 (3).png;1254;1254;2242880;1783072275.5477157
004;ChatGPT Image 3 de jul. de 2026, 06_51_14 (4).png;C:\Users\bruno\Downloads\produto lote 1\ChatGPT Image 3 de jul. de 2026, 06_51_14 (4).png;1254;1254;1837920;1783072275.5597177
005;ChatGPT Image 3 de jul. de 2026, 06_51_14 (5).png;C:\Users\bruno\Downloads\produto lote 1\ChatGPT Image 3 de jul. de 2026, 06_51_14 (5).png;1254;1254;2069001;1783072275.5787153
006;ChatGPT Image 3 de jul. de 2026, 06_51_29 (1).png;C:\Users\bruno\Downloads\produto lote 1\ChatGPT Image 3 de jul. de 2026, 06_51_29 (1).png;1254;1254;1840984;1783072290.354028
007;ChatGPT Image 3 de jul. de 2026, 06_51_30 (3).png;C:\Users\bruno\Downloads\produto lote 1\ChatGPT Image 3 de jul. de 2026, 06_51_30 (3).png;1254;1254;1800767;1783072290.7623248
008;ChatGPT Image 3 de jul. de 2026, 06_51_30 (4).png;C:\Users\bruno\Downloads\produto lote 1\ChatGPT Image 3 de jul. de 2026, 06_51_30 (4).png;1254;1254;1714914;1783072291.241321
009;ChatGPT Image 3 de jul. de 2026, 06_51_30 (5).png;C:\Users\bruno\Downloads\produto lote 1\ChatGPT Image 3 de jul. de 2026, 06_51_30 (5).png;1254;1254;1836897;1783072291.9353845
010;ChatGPT Image 3 de jul. de 2026, 06_51_47 (1).png;C:\Users\bruno\Downloads\produto lote 1\ChatGPT Image 3 de jul. de 2026, 06_51_47 (1).png;1254;1254;1762209;1783072308.113868
011;ChatGPT Image 3 de jul. de 2026, 06_51_47 (2).png;C:\Users\bruno\Downloads\produto lote 1\ChatGPT Image 3 de jul. de 2026, 06_51_47 (2).png;1254;1254;1845296;1783072308.2153406
012;ChatGPT Image 3 de jul. de 2026, 06_51_47 (3).png;C:\Users\bruno\Downloads\produto lote 1\ChatGPT Image 3 de jul. de 2026, 06_51_47 (3).png;1254;1254;2005597;1783072308.7974963
013;ChatGPT Image 3 de jul. de 2026, 06_51_48 (4).png;C:\Users\bruno\Downloads\produto lote 1\ChatGPT Image 3 de jul. de 2026, 06_51_48 (4).png;1254;1254;1570686;1783072308.964271
014;ChatGPT Image 3 de jul. de 2026, 06_51_48 (5).png;C:\Users\bruno\Downloads\produto lote 1\ChatGPT Image 3 de jul. de 2026, 06_51_48 (5).png;1254;1254;1705586;1783072309.1306832
015;ChatGPT Image 3 de jul. de 2026, 06_52_30 (1).png;C:\Users\bruno\Downloads\produto lote 1\ChatGPT Image 3 de jul. de 2026, 06_52_30 (1).png;1254;1254;1787353;1783072351.0075495
016;ChatGPT Image 3 de jul. de 2026, 06_52_30 (2).png;C:\Users\bruno\Downloads\produto lote 1\ChatGPT Image 3 de jul. de 2026, 06_52_30 (2).png;1254;1254;1570515;1783072351.199165
017;ChatGPT Image 3 de jul. de 2026, 06_52_30 (3).png;C:\Users\bruno\Downloads\produto lote 1\ChatGPT Image 3 de jul. de 2026, 06_52_30 (3).png;1254;1254;1733468;1783072351.440886
018;ChatGPT Image 3 de jul. de 2026, 06_52_31 (4).png;C:\Users\bruno\Downloads\produto lote 1\ChatGPT Image 3 de jul. de 2026, 06_52_31 (4).png;1254;1254;1860498;1783072351.659026
019;ChatGPT Image 3 de jul. de 2026, 06_52_31 (5).png;C:\Users\bruno\Downloads\produto lote 1\ChatGPT Image 3 de jul. de 2026, 06_52_31 (5).png;1254;1254;1943954;1783072352.0825763
020;ChatGPT Image 3 de jul. de 2026, 06_53_01 (1).png;C:\Users\bruno\Downloads\produto lote 1\ChatGPT Image 3 de jul. de 2026, 06_53_01 (1).png;1254;1254;2071503;1783072382.261538
021;ChatGPT Image 3 de jul. de 2026, 06_53_01 (2).png;C:\Users\bruno\Downloads\produto lote 1\ChatGPT Image 3 de jul. de 2026, 06_53_01 (2).png;1254;1254;1944874;1783072382.4011614
022;ChatGPT Image 3 de jul. de 2026, 06_53_01 (3).png;C:\Users\bruno\Downloads\produto lote 1\ChatGPT Image 3 de jul. de 2026, 06_53_01 (3).png;1254;1254;2082008;1783072382.9417005
023;ChatGPT Image 3 de jul. de 2026, 06_53_02 (4).png;C:\Users\bruno\Downloads\produto lote 1\ChatGPT Image 3 de jul. de 2026, 06_53_02 (4).png;1254;1254;1724534;1783072383.1190784
024;ChatGPT Image 3 de jul. de 2026, 06_53_02 (5).png;C:\Users\bruno\Downloads\produto lote 1\ChatGPT Image 3 de jul. de 2026, 06_53_02 (5).png;1254;1254;1873662;1783072384.335487
025;ChatGPT Image 3 de jul. de 2026, 06_53_16 (1).png;C:\Users\bruno\Downloads\produto lote 1\ChatGPT Image 3 de jul. de 2026, 06_53_16 (1).png;1254;1254;1649389;1783072396.9913166
026;ChatGPT Image 3 de jul. de 2026, 06_53_16 (2).png;C:\Users\bruno\Downloads\produto lote 1\ChatGPT Image 3 de jul. de 2026, 06_53_16 (2).png;1254;1254;1613227;1783072397.2908363
027;ChatGPT Image 3 de jul. de 2026, 06_53_16 (3).png;C:\Users\bruno\Downloads\produto lote 1\ChatGPT Image 3 de jul. de 2026, 06_53_16 (3).png;1254;1254;1563524;1783072397.5121021
028;ChatGPT Image 3 de jul. de 2026, 06_53_17 (4).png;C:\Users\bruno\Downloads\produto lote 1\ChatGPT Image 3 de jul. de 2026, 06_53_17 (4).png;1254;1254;1628083;1783072397.8840778
029;ChatGPT Image 3 de jul. de 2026, 06_53_17 (5).png;C:\Users\bruno\Downloads\produto lote 1\ChatGPT Image 3 de jul. de 2026, 06_53_17 (5).png;1254;1254;1746600;1783072398.7129433
030;ChatGPT Image 3 de jul. de 2026, 06_53_29 (1).png;C:\Users\bruno\Downloads\produto lote 1\ChatGPT Image 3 de jul. de 2026, 06_53_29 (1).png;1254;1254;1737452;1783072410.4456117
031;ChatGPT Image 3 de jul. de 2026, 06_53_29 (2).png;C:\Users\bruno\Downloads\produto lote 1\ChatGPT Image 3 de jul. de 2026, 06_53_29 (2).png;1254;1254;1752479;1783072410.6222959
032;ChatGPT Image 3 de jul. de 2026, 06_53_30 (3).png;C:\Users\bruno\Downloads\produto lote 1\ChatGPT Image 3 de jul. de 2026, 06_53_30 (3).png;1254;1254;1627088;1783072411.4020593
033;ChatGPT Image 3 de jul. de 2026, 06_53_30 (4).png;C:\Users\bruno\Downloads\produto lote 1\ChatGPT Image 3 de jul. de 2026, 06_53_30 (4).png;1254;1254;2222487;1783072412.4340427
034;ChatGPT Image 3 de jul. de 2026, 06_53_31 (5).png;C:\Users\bruno\Downloads\produto lote 1\ChatGPT Image 3 de jul. de 2026, 06_53_31 (5).png;1254;1254;2051213;1783072413.4345903
035;ChatGPT Image 3 de jul. de 2026, 07_17_09 (1).png;C:\Users\bruno\Downloads\produto lote 1\ChatGPT Image 3 de jul. de 2026, 07_17_09 (1).png;1254;1254;2252634;1783073830.3612964
036;ChatGPT Image 3 de jul. de 2026, 07_17_09 (2).png;C:\Users\bruno\Downloads\produto lote 1\ChatGPT Image 3 de jul. de 2026, 07_17_09 (2).png;1254;1254;1823844;1783073830.5517879
037;ChatGPT Image 3 de jul. de 2026, 07_17_09 (3).png;C:\Users\bruno\Downloads\produto lote 1\ChatGPT Image 3 de jul. de 2026, 07_17_09 (3).png;1254;1254;1691854;1783073830.6393273
038;ChatGPT Image 3 de jul. de 2026, 07_17_09 (4).png;C:\Users\bruno\Downloads\produto lote 1\ChatGPT Image 3 de jul. de 2026, 07_17_09 (4).png;1254;1254;1694701;1783073830.7024643
039;ChatGPT Image 3 de jul. de 2026, 07_17_09 (5).png;C:\Users\bruno\Downloads\produto lote 1\ChatGPT Image 3 de jul. de 2026, 07_17_09 (5).png;1254;1254;2046545;1783073830.7392955
040;ChatGPT Image 3 de jul. de 2026, 07_17_34 (1).png;C:\Users\bruno\Downloads\produto lote 1\ChatGPT Image 3 de jul. de 2026, 07_17_34 (1).png;1254;1254;2038254;1783073855.2474213
041;ChatGPT Image 3 de jul. de 2026, 07_17_34 (2).png;C:\Users\bruno\Downloads\produto lote 1\ChatGPT Image 3 de jul. de 2026, 07_17_34 (2).png;1254;1254;2114154;1783073855.4533167
042;ChatGPT Image 3 de jul. de 2026, 07_17_34 (3).png;C:\Users\bruno\Downloads\produto lote 1\ChatGPT Image 3 de jul. de 2026, 07_17_34 (3).png;1254;1254;1964361;1783073855.520734
043;ChatGPT Image 3 de jul. de 2026, 07_17_34 (4).png;C:\Users\bruno\Downloads\produto lote 1\ChatGPT Image 3 de jul. de 2026, 07_17_34 (4).png;1254;1254;1978344;1783073855.6052277
044;ChatGPT Image 3 de jul. de 2026, 07_17_34 (5).png;C:\Users\bruno\Downloads\produto lote 1\ChatGPT Image 3 de jul. de 2026, 07_17_34 (5).png;1254;1254;1922389;1783073855.8264205
045;ChatGPT Image 3 de jul. de 2026, 07_17_47 (1).png;C:\Users\bruno\Downloads\produto lote 1\ChatGPT Image 3 de jul. de 2026, 07_17_47 (1).png;1254;1254;2047874;1783073868.2201161
046;ChatGPT Image 3 de jul. de 2026, 07_17_47 (2).png;C:\Users\bruno\Downloads\produto lote 1\ChatGPT Image 3 de jul. de 2026, 07_17_47 (2).png;1254;1254;2011011;1783073868.4274883
047;ChatGPT Image 3 de jul. de 2026, 07_17_47 (3).png;C:\Users\bruno\Downloads\produto lote 1\ChatGPT Image 3 de jul. de 2026, 07_17_47 (3).png;1254;1254;2063246;1783073868.5078132
048;ChatGPT Image 3 de jul. de 2026, 07_17_47 (4).png;C:\Users\bruno\Downloads\produto lote 1\ChatGPT Image 3 de jul. de 2026, 07_17_47 (4).png;1254;1254;1912124;1783073868.5549018
049;ChatGPT Image 3 de jul. de 2026, 07_17_47 (5).png;C:\Users\bruno\Downloads\produto lote 1\ChatGPT Image 3 de jul. de 2026, 07_17_47 (5).png;1254;1254;2010755;1783073868.6167905
050;ChatGPT Image 3 de jul. de 2026, 07_18_02 (1).png;C:\Users\bruno\Downloads\produto lote 1\ChatGPT Image 3 de jul. de 2026, 07_18_02 (1).png;1254;1254;1605426;1783073883.7191346
051;ChatGPT Image 3 de jul. de 2026, 07_18_02 (2).png;C:\Users\bruno\Downloads\produto lote 1\ChatGPT Image 3 de jul. de 2026, 07_18_02 (2).png;1254;1254;2178587;1783073883.8707092
052;ChatGPT Image 3 de jul. de 2026, 07_18_02 (3).png;C:\Users\bruno\Downloads\produto lote 1\ChatGPT Image 3 de jul. de 2026, 07_18_02 (3).png;1254;1254;1832362;1783073883.913381
053;ChatGPT Image 3 de jul. de 2026, 07_18_02 (4).png;C:\Users\bruno\Downloads\produto lote 1\ChatGPT Image 3 de jul. de 2026, 07_18_02 (4).png;1254;1254;2374546;1783073884.0652032
054;ChatGPT Image 3 de jul. de 2026, 07_18_03 (5).png;C:\Users\bruno\Downloads\produto lote 1\ChatGPT Image 3 de jul. de 2026, 07_18_03 (5).png;1254;1254;2169030;1783073884.1956666
055;ChatGPT Image 3 de jul. de 2026, 07_18_14 (1).png;C:\Users\bruno\Downloads\produto lote 1\ChatGPT Image 3 de jul. de 2026, 07_18_14 (1).png;1122;1402;1915507;1783073895.0423193
056;ChatGPT Image 3 de jul. de 2026, 07_18_14 (2).png;C:\Users\bruno\Downloads\produto lote 1\ChatGPT Image 3 de jul. de 2026, 07_18_14 (2).png;1122;1402;1641520;1783073895.198919
057;ChatGPT Image 3 de jul. de 2026, 07_18_14 (3).png;C:\Users\bruno\Downloads\produto lote 1\ChatGPT Image 3 de jul. de 2026, 07_18_14 (3).png;1122;1402;1639816;1783073895.4937613
058;ChatGPT Image 3 de jul. de 2026, 07_18_15 (4).png;C:\Users\bruno\Downloads\produto lote 1\ChatGPT Image 3 de jul. de 2026, 07_18_15 (4).png;1122;1402;1868694;1783073895.9092364
059;ChatGPT Image 3 de jul. de 2026, 07_18_15 (5).png;C:\Users\bruno\Downloads\produto lote 1\ChatGPT Image 3 de jul. de 2026, 07_18_15 (5).png;1122;1402;2139669;1783073896.519544
060;ChatGPT Image 3 de jul. de 2026, 07_18_39 (1).png;C:\Users\bruno\Downloads\produto lote 1\ChatGPT Image 3 de jul. de 2026, 07_18_39 (1).png;1122;1402;1774114;1783073919.98416
061;ChatGPT Image 3 de jul. de 2026, 07_18_39 (2).png;C:\Users\bruno\Downloads\produto lote 1\ChatGPT Image 3 de jul. de 2026, 07_18_39 (2).png;1122;1402;1976704;1783073920.097617
062;ChatGPT Image 3 de jul. de 2026, 07_18_39 (3).png;C:\Users\bruno\Downloads\produto lote 1\ChatGPT Image 3 de jul. de 2026, 07_18_39 (3).png;1122;1402;1839211;1783073920.217296
063;ChatGPT Image 3 de jul. de 2026, 07_18_52 (1).png;C:\Users\bruno\Downloads\produto lote 1\ChatGPT Image 3 de jul. de 2026, 07_18_52 (1).png;1024;1536;1980331;1783073933.458081
064;ChatGPT Image 3 de jul. de 2026, 07_18_52 (2).png;C:\Users\bruno\Downloads\produto lote 1\ChatGPT Image 3 de jul. de 2026, 07_18_52 (2).png;1024;1536;1880512;1783073933.5886686
065;ChatGPT Image 3 de jul. de 2026, 07_19_24 (1).png;C:\Users\bruno\Downloads\produto lote 1\ChatGPT Image 3 de jul. de 2026, 07_19_24 (1).png;1122;1402;1682699;1783073965.6278756
066;ChatGPT Image 3 de jul. de 2026, 07_19_24 (2).png;C:\Users\bruno\Downloads\produto lote 1\ChatGPT Image 3 de jul. de 2026, 07_19_24 (2).png;1122;1402;1680865;1783073965.7408988
067;ChatGPT Image 3 de jul. de 2026, 07_19_24 (3).png;C:\Users\bruno\Downloads\produto lote 1\ChatGPT Image 3 de jul. de 2026, 07_19_24 (3).png;1122;1402;1790996;1783073965.8536694
068;ChatGPT Image 3 de jul. de 2026, 07_19_25 (4).png;C:\Users\bruno\Downloads\produto lote 1\ChatGPT Image 3 de jul. de 2026, 07_19_25 (4).png;1122;1402;1831343;1783073966.2057452
069;ChatGPT Image 3 de jul. de 2026, 07_19_25 (5).png;C:\Users\bruno\Downloads\produto lote 1\ChatGPT Image 3 de jul. de 2026, 07_19_25 (5).png;1122;1402;1803782;1783073966.3374147
070;ChatGPT Image 3 de jul. de 2026, 07_19_25 (6).png;C:\Users\bruno\Downloads\produto lote 1\ChatGPT Image 3 de jul. de 2026, 07_19_25 (6).png;1122;1402;1921517;1783073966.4566157
071;ChatGPT Image 3 de jul. de 2026, 07_19_26 (7).png;C:\Users\bruno\Downloads\produto lote 1\ChatGPT Image 3 de jul. de 2026, 07_19_26 (7).png;1122;1402;1954350;1783073966.579591
072;ChatGPT Image 3 de jul. de 2026, 07_20_16 (1).png;C:\Users\bruno\Downloads\produto lote 1\ChatGPT Image 3 de jul. de 2026, 07_20_16 (1).png;1122;1402;1802059;1783074017.449296
073;ChatGPT Image 3 de jul. de 2026, 07_20_16 (2).png;C:\Users\bruno\Downloads\produto lote 1\ChatGPT Image 3 de jul. de 2026, 07_20_16 (2).png;1122;1402;1817918;1783074017.5933964
074;ChatGPT Image 3 de jul. de 2026, 07_20_17 (3).png;C:\Users\bruno\Downloads\produto lote 1\ChatGPT Image 3 de jul. de 2026, 07_20_17 (3).png;1122;1402;1799127;1783074018.0848205
075;ChatGPT Image 3 de jul. de 2026, 07_20_17 (4).png;C:\Users\bruno\Downloads\produto lote 1\ChatGPT Image 3 de jul. de 2026, 07_20_17 (4).png;1122;1402;1796596;1783074018.2026107
076;ChatGPT Image 3 de jul. de 2026, 07_20_17 (5).png;C:\Users\bruno\Downloads\produto lote 1\ChatGPT Image 3 de jul. de 2026, 07_20_17 (5).png;1122;1402;1804878;1783074018.2947073
077;ChatGPT Image 3 de jul. de 2026, 07_20_45 (1).png;C:\Users\bruno\Downloads\produto lote 1\ChatGPT Image 3 de jul. de 2026, 07_20_45 (1).png;1122;1402;1869794;1783074046.2910886
078;ChatGPT Image 3 de jul. de 2026, 07_20_45 (2).png;C:\Users\bruno\Downloads\produto lote 1\ChatGPT Image 3 de jul. de 2026, 07_20_45 (2).png;1122;1402;1737327;1783074046.4988885
079;ChatGPT Image 3 de jul. de 2026, 07_20_45 (3).png;C:\Users\bruno\Downloads\produto lote 1\ChatGPT Image 3 de jul. de 2026, 07_20_45 (3).png;1122;1402;1480405;1783074046.6162677
080;ChatGPT Image 3 de jul. de 2026, 07_20_45 (4).png;C:\Users\bruno\Downloads\produto lote 1\ChatGPT Image 3 de jul. de 2026, 07_20_45 (4).png;1122;1402;1458632;1783074046.7756462
081;ChatGPT Image 3 de jul. de 2026, 07_20_46 (5).png;C:\Users\bruno\Downloads\produto lote 1\ChatGPT Image 3 de jul. de 2026, 07_20_46 (5).png;1122;1402;1700994;1783074047.137025
082;ChatGPT Image 3 de jul. de 2026, 07_20_46 (6).png;C:\Users\bruno\Downloads\produto lote 1\ChatGPT Image 3 de jul. de 2026, 07_20_46 (6).png;1122;1402;1924998;1783074047.2418942
083;ChatGPT Image 3 de jul. de 2026, 07_20_46 (7).png;C:\Users\bruno\Downloads\produto lote 1\ChatGPT Image 3 de jul. de 2026, 07_20_46 (7).png;1122;1402;1409455;1783074047.312508
084;ChatGPT Image 3 de jul. de 2026, 07_20_46 (8).png;C:\Users\bruno\Downloads\produto lote 1\ChatGPT Image 3 de jul. de 2026, 07_20_46 (8).png;1122;1402;1473349;1783074047.398733
085;ChatGPT Image 3 de jul. de 2026, 07_20_46 (9).png;C:\Users\bruno\Downloads\produto lote 1\ChatGPT Image 3 de jul. de 2026, 07_20_46 (9).png;1122;1402;1611947;1783074047.6543632
086;ChatGPT Image 3 de jul. de 2026, 07_20_47 (10).png;C:\Users\bruno\Downloads\produto lote 1\ChatGPT Image 3 de jul. de 2026, 07_20_47 (10).png;1122;1402;1644230;1783074048.8913698
087;ChatGPT Image 3 de jul. de 2026, 07_21_01.png;C:\Users\bruno\Downloads\produto lote 1\ChatGPT Image 3 de jul. de 2026, 07_21_01.png;1024;1536;1952464;1783074062.0020914
088;ChatGPT Image 3 de jul. de 2026, 08_18_38 (1).png;C:\Users\bruno\Downloads\produto lote 1\ChatGPT Image 3 de jul. de 2026, 08_18_38 (1).png;1122;1402;1585530;1783077520.346575
089;ChatGPT Image 3 de jul. de 2026, 08_18_38 (3).png;C:\Users\bruno\Downloads\produto lote 1\ChatGPT Image 3 de jul. de 2026, 08_18_38 (3).png;1122;1402;1595676;1783077520.3500228
090;ChatGPT Image 3 de jul. de 2026, 08_18_38 (2).png;C:\Users\bruno\Downloads\produto lote 1\ChatGPT Image 3 de jul. de 2026, 08_18_38 (2).png;1122;1402;1776949;1783077520.3606508
091;ChatGPT Image 3 de jul. de 2026, 08_19_05 (1).png;C:\Users\bruno\Downloads\produto lote 1\ChatGPT Image 3 de jul. de 2026, 08_19_05 (1).png;1122;1402;1739808;1783077546.5714176
092;ChatGPT Image 3 de jul. de 2026, 08_19_05 (2).png;C:\Users\bruno\Downloads\produto lote 1\ChatGPT Image 3 de jul. de 2026, 08_19_05 (2).png;1122;1402;1875090;1783077547.0718615
093;ChatGPT Image 3 de jul. de 2026, 08_19_05 (3).png;C:\Users\bruno\Downloads\produto lote 1\ChatGPT Image 3 de jul. de 2026, 08_19_05 (3).png;1122;1402;1991367;1783077547.2345948
094;ChatGPT Image 3 de jul. de 2026, 08_19_06 (4).png;C:\Users\bruno\Downloads\produto lote 1\ChatGPT Image 3 de jul. de 2026, 08_19_06 (4).png;1122;1402;1868489;1783077547.571411
095;ChatGPT Image 3 de jul. de 2026, 08_19_06 (5).png;C:\Users\bruno\Downloads\produto lote 1\ChatGPT Image 3 de jul. de 2026, 08_19_06 (5).png;1122;1402;1941616;1783077547.6312187
096;ChatGPT Image 3 de jul. de 2026, 08_20_25 (1).png;C:\Users\bruno\Downloads\produto lote 1\ChatGPT Image 3 de jul. de 2026, 08_20_25 (1).png;1122;1402;1774114;1783077630.4033978
097;ChatGPT Image 3 de jul. de 2026, 08_20_26 (2).png;C:\Users\bruno\Downloads\produto lote 1\ChatGPT Image 3 de jul. de 2026, 08_20_26 (2).png;1122;1402;1976704;1783077631.17002
098;ChatGPT Image 3 de jul. de 2026, 08_20_26 (3).png;C:\Users\bruno\Downloads\produto lote 1\ChatGPT Image 3 de jul. de 2026, 08_20_26 (3).png;1122;1402;1839211;1783077631.7662632
099;ChatGPT Image 3 de jul. de 2026, 08_22_10.png;C:\Users\bruno\Downloads\produto lote 1\ChatGPT Image 3 de jul. de 2026, 08_22_10.png;1024;1536;1972385;1783077737.34091
100;ChatGPT Image 3 de jul. de 2026, 08_35_00 (3).png;C:\Users\bruno\Downloads\produto lote 1\ChatGPT Image 3 de jul. de 2026, 08_35_00 (3).png;1122;1402;1724511;1783078503.0955386
101;ChatGPT Image 3 de jul. de 2026, 08_35_01 (5).png;C:\Users\bruno\Downloads\produto lote 1\ChatGPT Image 3 de jul. de 2026, 08_35_01 (5).png;1122;1402;1876447;1783078503.0955386
102;ChatGPT Image 3 de jul. de 2026, 08_35_01 (4).png;C:\Users\bruno\Downloads\produto lote 1\ChatGPT Image 3 de jul. de 2026, 08_35_01 (4).png;1122;1402;1796712;1783078503.1235826
103;ChatGPT Image 3 de jul. de 2026, 08_35_00 (1).png;C:\Users\bruno\Downloads\produto lote 1\ChatGPT Image 3 de jul. de 2026, 08_35_00 (1).png;1122;1402;1799950;1783078503.2014933
104;ChatGPT Image 3 de jul. de 2026, 08_35_00 (2).png;C:\Users\bruno\Downloads\produto lote 1\ChatGPT Image 3 de jul. de 2026, 08_35_00 (2).png;1122;1402;2064601;1783078503.2571995
105;ChatGPT Image 3 de jul. de 2026, 08_35_52 (1).png;C:\Users\bruno\Downloads\produto lote 1\ChatGPT Image 3 de jul. de 2026, 08_35_52 (1).png;1254;1254;2314780;1783078553.4371133
106;ChatGPT Image 3 de jul. de 2026, 08_35_52 (2).png;C:\Users\bruno\Downloads\produto lote 1\ChatGPT Image 3 de jul. de 2026, 08_35_52 (2).png;1254;1254;1734691;1783078553.4466963
107;ChatGPT Image 3 de jul. de 2026, 08_36_11.png;C:\Users\bruno\Downloads\produto lote 1\ChatGPT Image 3 de jul. de 2026, 08_36_11.png;1024;1536;1887391;1783078573.0469494
108;ChatGPT Image 3 de jul. de 2026, 08_36_43 (1).png;C:\Users\bruno\Downloads\produto lote 1\ChatGPT Image 3 de jul. de 2026, 08_36_43 (1).png;1122;1402;1963732;1783078604.8473003
109;ChatGPT Image 3 de jul. de 2026, 08_36_43 (2).png;C:\Users\bruno\Downloads\produto lote 1\ChatGPT Image 3 de jul. de 2026, 08_36_43 (2).png;1122;1402;1948440;1783078605.1865861
110;ChatGPT Image 3 de jul. de 2026, 08_36_43 (3).png;C:\Users\bruno\Downloads\produto lote 1\ChatGPT Image 3 de jul. de 2026, 08_36_43 (3).png;1122;1402;2504287;1783078605.29415
111;ChatGPT Image 3 de jul. de 2026, 08_36_44 (5).png;C:\Users\bruno\Downloads\produto lote 1\ChatGPT Image 3 de jul. de 2026, 08_36_44 (5).png;1122;1402;1847873;1783078605.3762915
112;ChatGPT Image 3 de jul. de 2026, 08_36_44 (4).png;C:\Users\bruno\Downloads\produto lote 1\ChatGPT Image 3 de jul. de 2026, 08_36_44 (4).png;1122;1402;2335732;1783078605.3770814
113;ChatGPT Image 3 de jul. de 2026, 13_01_37 (1).png;C:\Users\bruno\Downloads\produto lote 1\ChatGPT Image 3 de jul. de 2026, 13_01_37 (1).png;1122;1402;2015296;1783094500.6731448
114;ChatGPT Image 3 de jul. de 2026, 13_01_37 (2).png;C:\Users\bruno\Downloads\produto lote 1\ChatGPT Image 3 de jul. de 2026, 13_01_37 (2).png;1122;1402;2033340;1783094501.126666
115;ChatGPT Image 3 de jul. de 2026, 13_01_37 (3).png;C:\Users\bruno\Downloads\produto lote 1\ChatGPT Image 3 de jul. de 2026, 13_01_37 (3).png;1122;1402;2645494;1783094501.9255407
116;ChatGPT Image 3 de jul. de 2026, 13_01_38 (4).png;C:\Users\bruno\Downloads\produto lote 1\ChatGPT Image 3 de jul. de 2026, 13_01_38 (4).png;1122;1402;1999539;1783094502.1798182
117;ChatGPT Image 3 de jul. de 2026, 13_01_38 (5).png;C:\Users\bruno\Downloads\produto lote 1\ChatGPT Image 3 de jul. de 2026, 13_01_38 (5).png;1122;1402;1860599;1783094502.2257156
118;ChatGPT Image 3 de jul. de 2026, 13_02_31 (1).png;C:\Users\bruno\Downloads\produto lote 1\ChatGPT Image 3 de jul. de 2026, 13_02_31 (1).png;1122;1402;2016929;1783094553.6048431
119;ChatGPT Image 3 de jul. de 2026, 13_02_31 (2).png;C:\Users\bruno\Downloads\produto lote 1\ChatGPT Image 3 de jul. de 2026, 13_02_31 (2).png;1122;1402;2091022;1783094553.6960866
120;ChatGPT Image 3 de jul. de 2026, 13_02_31 (3).png;C:\Users\bruno\Downloads\produto lote 1\ChatGPT Image 3 de jul. de 2026, 13_02_31 (3).png;1122;1402;2131753;1783094553.8436327
121;ChatGPT Image 3 de jul. de 2026, 13_02_32 (4).png;C:\Users\bruno\Downloads\produto lote 1\ChatGPT Image 3 de jul. de 2026, 13_02_32 (4).png;1122;1402;2223282;1783094553.8686247
122;ChatGPT Image 3 de jul. de 2026, 13_02_32 (5).png;C:\Users\bruno\Downloads\produto lote 1\ChatGPT Image 3 de jul. de 2026, 13_02_32 (5).png;1122;1402;2104153;1783094554.0693655
123;ChatGPT Image 3 de jul. de 2026, 13_02_32 (6).png;C:\Users\bruno\Downloads\produto lote 1\ChatGPT Image 3 de jul. de 2026, 13_02_32 (6).png;1122;1402;2151502;1783094554.160823
124;ChatGPT Image 3 de jul. de 2026, 13_02_33 (7).png;C:\Users\bruno\Downloads\produto lote 1\ChatGPT Image 3 de jul. de 2026, 13_02_33 (7).png;1122;1402;2184096;1783094554.7865622
125;ChatGPT Image 3 de jul. de 2026, 13_02_33 (8).png;C:\Users\bruno\Downloads\produto lote 1\ChatGPT Image 3 de jul. de 2026, 13_02_33 (8).png;1122;1402;1856824;1783094554.9304056
126;ChatGPT Image 3 de jul. de 2026, 13_02_34 (9).png;C:\Users\bruno\Downloads\produto lote 1\ChatGPT Image 3 de jul. de 2026, 13_02_34 (9).png;1122;1402;2055358;1783094556.2343278
127;ChatGPT Image 3 de jul. de 2026, 13_02_35 (10).png;C:\Users\bruno\Downloads\produto lote 1\ChatGPT Image 3 de jul. de 2026, 13_02_35 (10).png;1122;1402;2457703;1783094557.0008736
128;ChatGPT Image 3 de jul. de 2026, 13_03_33 (1).png;C:\Users\bruno\Downloads\produto lote 1\ChatGPT Image 3 de jul. de 2026, 13_03_33 (1).png;1122;1402;2318908;1783094614.4693272
129;ChatGPT Image 3 de jul. de 2026, 13_03_33 (2).png;C:\Users\bruno\Downloads\produto lote 1\ChatGPT Image 3 de jul. de 2026, 13_03_33 (2).png;1122;1402;1857108;1783094614.940706
130;ChatGPT Image 3 de jul. de 2026, 13_03_34 (3).png;C:\Users\bruno\Downloads\produto lote 1\ChatGPT Image 3 de jul. de 2026, 13_03_34 (3).png;1122;1402;1924099;1783094615.0711403
131;ChatGPT Image 3 de jul. de 2026, 13_03_34 (4).png;C:\Users\bruno\Downloads\produto lote 1\ChatGPT Image 3 de jul. de 2026, 13_03_34 (4).png;1122;1402;2062661;1783094615.841478
132;ChatGPT Image 3 de jul. de 2026, 13_03_35 (5).png;C:\Users\bruno\Downloads\produto lote 1\ChatGPT Image 3 de jul. de 2026, 13_03_35 (5).png;1122;1402;2145051;1783094617.7773607
133;ChatGPT Image 3 de jul. de 2026, 13_03_49 (1).png;C:\Users\bruno\Downloads\produto lote 1\ChatGPT Image 3 de jul. de 2026, 13_03_49 (1).png;1122;1402;1821868;1783094630.7176056
134;ChatGPT Image 3 de jul. de 2026, 13_03_49 (2).png;C:\Users\bruno\Downloads\produto lote 1\ChatGPT Image 3 de jul. de 2026, 13_03_49 (2).png;1122;1402;1772267;1783094630.984468
135;ChatGPT Image 3 de jul. de 2026, 13_03_50 (3).png;C:\Users\bruno\Downloads\produto lote 1\ChatGPT Image 3 de jul. de 2026, 13_03_50 (3).png;1122;1402;1734821;1783094631.6907296
136;ChatGPT Image 3 de jul. de 2026, 13_03_50 (4).png;C:\Users\bruno\Downloads\produto lote 1\ChatGPT Image 3 de jul. de 2026, 13_03_50 (4).png;1122;1402;1813082;1783094631.836926
137;ChatGPT Image 3 de jul. de 2026, 13_03_51 (5).png;C:\Users\bruno\Downloads\produto lote 1\ChatGPT Image 3 de jul. de 2026, 13_03_51 (5).png;1122;1402;1947875;1783094631.9697852
138;ChatGPT Image 3 de jul. de 2026, 13_04_06 (1).png;C:\Users\bruno\Downloads\produto lote 1\ChatGPT Image 3 de jul. de 2026, 13_04_06 (1).png;1122;1402;1855459;1783094653.5364046
139;ChatGPT Image 3 de jul. de 2026, 13_04_07 (2).png;C:\Users\bruno\Downloads\produto lote 1\ChatGPT Image 3 de jul. de 2026, 13_04_07 (2).png;1122;1402;2034213;1783094654.9119563
140;ChatGPT Image 3 de jul. de 2026, 13_04_07 (3).png;C:\Users\bruno\Downloads\produto lote 1\ChatGPT Image 3 de jul. de 2026, 13_04_07 (3).png;1122;1402;2683934;1783094655.2866247
141;ChatGPT Image 3 de jul. de 2026, 13_04_08 (4).png;C:\Users\bruno\Downloads\produto lote 1\ChatGPT Image 3 de jul. de 2026, 13_04_08 (4).png;1122;1402;2023619;1783094656.820683
142;ChatGPT Image 3 de jul. de 2026, 13_04_08 (5).png;C:\Users\bruno\Downloads\produto lote 1\ChatGPT Image 3 de jul. de 2026, 13_04_08 (5).png;1122;1402;2068350;1783094656.841069
143;ChatGPT Image 3 de jul. de 2026, 13_04_32 (1).png;C:\Users\bruno\Downloads\produto lote 1\ChatGPT Image 3 de jul. de 2026, 13_04_32 (1).png;1122;1402;2147865;1783094676.4748206
144;ChatGPT Image 3 de jul. de 2026, 13_04_32 (3).png;C:\Users\bruno\Downloads\produto lote 1\ChatGPT Image 3 de jul. de 2026, 13_04_32 (3).png;1122;1402;2097270;1783094677.4963436
145;ChatGPT Image 3 de jul. de 2026, 13_04_32 (2).png;C:\Users\bruno\Downloads\produto lote 1\ChatGPT Image 3 de jul. de 2026, 13_04_32 (2).png;1122;1402;2077907;1783094677.775324
146;ChatGPT Image 3 de jul. de 2026, 13_04_33 (4).png;C:\Users\bruno\Downloads\produto lote 1\ChatGPT Image 3 de jul. de 2026, 13_04_33 (4).png;1122;1402;1952768;1783094679.9929984
147;ChatGPT Image 3 de jul. de 2026, 13_04_33 (5).png;C:\Users\bruno\Downloads\produto lote 1\ChatGPT Image 3 de jul. de 2026, 13_04_33 (5).png;1122;1402;2259048;1783094680.5091462
148;ChatGPT Image 3 de jul. de 2026, 13_04_33 (6).png;C:\Users\bruno\Downloads\produto lote 1\ChatGPT Image 3 de jul. de 2026, 13_04_33 (6).png;1122;1402;1983348;1783094680.6605635
149;ChatGPT Image 3 de jul. de 2026, 13_05_19 (1).png;C:\Users\bruno\Downloads\produto lote 1\ChatGPT Image 3 de jul. de 2026, 13_05_19 (1).png;1122;1402;2027269;1783094720.9311285
150;ChatGPT Image 3 de jul. de 2026, 13_05_20 (2).png;C:\Users\bruno\Downloads\produto lote 1\ChatGPT Image 3 de jul. de 2026, 13_05_20 (2).png;1122;1402;2141476;1783094721.6949222
151;ChatGPT Image 3 de jul. de 2026, 13_05_20 (3).png;C:\Users\bruno\Downloads\produto lote 1\ChatGPT Image 3 de jul. de 2026, 13_05_20 (3).png;1122;1402;1795486;1783094722.313146
152;ChatGPT Image 3 de jul. de 2026, 13_06_05 (1).png;C:\Users\bruno\Downloads\produto lote 1\ChatGPT Image 3 de jul. de 2026, 13_06_05 (1).png;1122;1402;1536025;1783094767.560658
153;ChatGPT Image 3 de jul. de 2026, 13_06_05 (2).png;C:\Users\bruno\Downloads\produto lote 1\ChatGPT Image 3 de jul. de 2026, 13_06_05 (2).png;1122;1402;2017219;1783094767.6310222
154;ChatGPT Image 3 de jul. de 2026, 13_06_06 (3).png;C:\Users\bruno\Downloads\produto lote 1\ChatGPT Image 3 de jul. de 2026, 13_06_06 (3).png;1122;1402;1732897;1783094767.959195
155;ChatGPT Image 3 de jul. de 2026, 13_06_06 (4).png;C:\Users\bruno\Downloads\produto lote 1\ChatGPT Image 3 de jul. de 2026, 13_06_06 (4).png;1122;1402;1681235;1783094768.0690157
156;ChatGPT Image 3 de jul. de 2026, 13_06_27 (2).png;C:\Users\bruno\Downloads\produto lote 1\ChatGPT Image 3 de jul. de 2026, 13_06_27 (2).png;1122;1402;2071056;1783094789.1481888
157;ChatGPT Image 3 de jul. de 2026, 13_06_27 (1).png;C:\Users\bruno\Downloads\produto lote 1\ChatGPT Image 3 de jul. de 2026, 13_06_27 (1).png;1122;1402;2122784;1783094789.1512
158;ChatGPT Image 3 de jul. de 2026, 13_06_28 (3).png;C:\Users\bruno\Downloads\produto lote 1\ChatGPT Image 3 de jul. de 2026, 13_06_28 (3).png;1122;1402;2041349;1783094789.2455325
159;ChatGPT Image 3 de jul. de 2026, 13_06_28 (4).png;C:\Users\bruno\Downloads\produto lote 1\ChatGPT Image 3 de jul. de 2026, 13_06_28 (4).png;1122;1402;2063552;1783094789.9956682
160;ChatGPT Image 3 de jul. de 2026, 13_06_29 (5).png;C:\Users\bruno\Downloads\produto lote 1\ChatGPT Image 3 de jul. de 2026, 13_06_29 (5).png;1122;1402;2110234;1783094790.721068
161;ChatGPT Image 3 de jul. de 2026, 13_07_25 (1).png;C:\Users\bruno\Downloads\produto lote 1\ChatGPT Image 3 de jul. de 2026, 13_07_25 (1).png;1122;1402;2117561;1783094847.3794844
162;ChatGPT Image 3 de jul. de 2026, 13_07_25 (2).png;C:\Users\bruno\Downloads\produto lote 1\ChatGPT Image 3 de jul. de 2026, 13_07_25 (2).png;1122;1402;1786350;1783094847.796602
163;ChatGPT Image 3 de jul. de 2026, 13_07_26 (3).png;C:\Users\bruno\Downloads\produto lote 1\ChatGPT Image 3 de jul. de 2026, 13_07_26 (3).png;1122;1402;1845989;1783094848.0249076
164;ChatGPT Image 3 de jul. de 2026, 13_07_26 (4).png;C:\Users\bruno\Downloads\produto lote 1\ChatGPT Image 3 de jul. de 2026, 13_07_26 (4).png;1122;1402;1842777;1783094848.7881517
165;ChatGPT Image 3 de jul. de 2026, 13_07_26 (5).png;C:\Users\bruno\Downloads\produto lote 1\ChatGPT Image 3 de jul. de 2026, 13_07_26 (5).png;1122;1402;1921030;1783094848.995201
166;ChatGPT Image 3 de jul. de 2026, 13_07_26 (6).png;C:\Users\bruno\Downloads\produto lote 1\ChatGPT Image 3 de jul. de 2026, 13_07_26 (6).png;1122;1402;1807285;1783094852.3150163
167;ChatGPT Image 3 de jul. de 2026, 13_07_30 (7).png;C:\Users\bruno\Downloads\produto lote 1\ChatGPT Image 3 de jul. de 2026, 13_07_30 (7).png;1122;1402;1994089;1783094854.1220777
168;ChatGPT Image 3 de jul. de 2026, 13_07_53 (1).png;C:\Users\bruno\Downloads\produto lote 1\ChatGPT Image 3 de jul. de 2026, 13_07_53 (1).png;1122;1402;2003598;1783094874.4211388
169;ChatGPT Image 3 de jul. de 2026, 13_07_53 (2).png;C:\Users\bruno\Downloads\produto lote 1\ChatGPT Image 3 de jul. de 2026, 13_07_53 (2).png;1122;1402;2016583;1783094874.5859222
170;ChatGPT Image 3 de jul. de 2026, 13_07_53 (3).png;C:\Users\bruno\Downloads\produto lote 1\ChatGPT Image 3 de jul. de 2026, 13_07_53 (3).png;1122;1402;1978860;1783094875.5228066
171;ChatGPT Image 3 de jul. de 2026, 13_07_54 (4).png;C:\Users\bruno\Downloads\produto lote 1\ChatGPT Image 3 de jul. de 2026, 13_07_54 (4).png;1122;1402;1791966;1783094875.751791
172;ChatGPT Image 3 de jul. de 2026, 13_08_12 (1).png;C:\Users\bruno\Downloads\produto lote 1\ChatGPT Image 3 de jul. de 2026, 13_08_12 (1).png;1122;1402;2456059;1783094894.578516
173;ChatGPT Image 3 de jul. de 2026, 13_08_12 (2).png;C:\Users\bruno\Downloads\produto lote 1\ChatGPT Image 3 de jul. de 2026, 13_08_12 (2).png;1122;1402;2025681;1783094894.7990947
174;ChatGPT Image 3 de jul. de 2026, 13_08_13 (3).png;C:\Users\bruno\Downloads\produto lote 1\ChatGPT Image 3 de jul. de 2026, 13_08_13 (3).png;1122;1402;1817795;1783094894.817187
175;ChatGPT Image 3 de jul. de 2026, 13_08_13 (4).png;C:\Users\bruno\Downloads\produto lote 1\ChatGPT Image 3 de jul. de 2026, 13_08_13 (4).png;1122;1402;1829988;1783094894.9068003
176;ChatGPT Image 3 de jul. de 2026, 13_08_13 (5).png;C:\Users\bruno\Downloads\produto lote 1\ChatGPT Image 3 de jul. de 2026, 13_08_13 (5).png;1122;1402;1741836;1783094894.99858
177;ChatGPT Image 3 de jul. de 2026, 13_08_28 (1).png;C:\Users\bruno\Downloads\produto lote 1\ChatGPT Image 3 de jul. de 2026, 13_08_28 (1).png;1122;1402;1914784;1783094909.8836358
178;ChatGPT Image 3 de jul. de 2026, 13_08_28 (2).png;C:\Users\bruno\Downloads\produto lote 1\ChatGPT Image 3 de jul. de 2026, 13_08_28 (2).png;1122;1402;1960535;1783094910.0384765
179;ChatGPT Image 3 de jul. de 2026, 13_08_28 (3).png;C:\Users\bruno\Downloads\produto lote 1\ChatGPT Image 3 de jul. de 2026, 13_08_28 (3).png;1122;1402;1690051;1783094911.0371337
180;ChatGPT Image 3 de jul. de 2026, 13_08_28 (4).png;C:\Users\bruno\Downloads\produto lote 1\ChatGPT Image 3 de jul. de 2026, 13_08_28 (4).png;1122;1402;1943858;1783094911.1641433
181;ChatGPT Image 3 de jul. de 2026, 13_08_29 (5).png;C:\Users\bruno\Downloads\produto lote 1\ChatGPT Image 3 de jul. de 2026, 13_08_29 (5).png;1122;1402;1942969;1783094911.2562492
182;ChatGPT Image 3 de jul. de 2026, 13_08_42 (1).png;C:\Users\bruno\Downloads\produto lote 1\ChatGPT Image 3 de jul. de 2026, 13_08_42 (1).png;1122;1402;1866674;1783094923.953939
183;ChatGPT Image 3 de jul. de 2026, 13_08_42 (2).png;C:\Users\bruno\Downloads\produto lote 1\ChatGPT Image 3 de jul. de 2026, 13_08_42 (2).png;1122;1402;1784581;1783094924.571318
184;ChatGPT Image 3 de jul. de 2026, 13_08_42 (3).png;C:\Users\bruno\Downloads\produto lote 1\ChatGPT Image 3 de jul. de 2026, 13_08_42 (3).png;1122;1402;2242922;1783094925.004106
185;ChatGPT Image 3 de jul. de 2026, 13_08_43 (4).png;C:\Users\bruno\Downloads\produto lote 1\ChatGPT Image 3 de jul. de 2026, 13_08_43 (4).png;1122;1402;2294554;1783094925.2826774
186;ChatGPT Image 3 de jul. de 2026, 13_08_43 (5).png;C:\Users\bruno\Downloads\produto lote 1\ChatGPT Image 3 de jul. de 2026, 13_08_43 (5).png;1122;1402;1783242;1783094925.7455628
187;ChatGPT Image 3 de jul. de 2026, 13_09_04 (1).png;C:\Users\bruno\Downloads\produto lote 1\ChatGPT Image 3 de jul. de 2026, 13_09_04 (1).png;1122;1402;2078664;1783094946.5980716
188;ChatGPT Image 3 de jul. de 2026, 13_09_04 (2).png;C:\Users\bruno\Downloads\produto lote 1\ChatGPT Image 3 de jul. de 2026, 13_09_04 (2).png;1122;1402;2054457;1783094946.9538043
189;ChatGPT Image 3 de jul. de 2026, 13_09_04 (3).png;C:\Users\bruno\Downloads\produto lote 1\ChatGPT Image 3 de jul. de 2026, 13_09_04 (3).png;1122;1402;2051005;1783094947.07356
190;ChatGPT Image 3 de jul. de 2026, 13_09_05 (4).png;C:\Users\bruno\Downloads\produto lote 1\ChatGPT Image 3 de jul. de 2026, 13_09_05 (4).png;1122;1402;2085158;1783094947.5284169
191;ChatGPT Image 3 de jul. de 2026, 13_09_05 (5).png;C:\Users\bruno\Downloads\produto lote 1\ChatGPT Image 3 de jul. de 2026, 13_09_05 (5).png;1122;1402;2034853;1783094947.737509
192;ChatGPT Image 3 de jul. de 2026, 13_09_22 (1).png;C:\Users\bruno\Downloads\produto lote 1\ChatGPT Image 3 de jul. de 2026, 13_09_22 (1).png;1122;1402;2727935;1783094964.156749
193;ChatGPT Image 3 de jul. de 2026, 13_09_22 (2).png;C:\Users\bruno\Downloads\produto lote 1\ChatGPT Image 3 de jul. de 2026, 13_09_22 (2).png;1122;1402;2584588;1783094964.4758778
194;ChatGPT Image 3 de jul. de 2026, 13_09_22 (3).png;C:\Users\bruno\Downloads\produto lote 1\ChatGPT Image 3 de jul. de 2026, 13_09_22 (3).png;1122;1402;2737419;1783094964.8629498
195;ChatGPT Image 3 de jul. de 2026, 13_09_23 (4).png;C:\Users\bruno\Downloads\produto lote 1\ChatGPT Image 3 de jul. de 2026, 13_09_23 (4).png;1122;1402;2955815;1783094965.514196
196;ChatGPT Image 3 de jul. de 2026, 13_09_23 (5).png;C:\Users\bruno\Downloads\produto lote 1\ChatGPT Image 3 de jul. de 2026, 13_09_23 (5).png;1122;1402;2891921;1783094965.5861413
197;ChatGPT Image 3 de jul. de 2026, 13_09_49 (1).png;C:\Users\bruno\Downloads\produto lote 1\ChatGPT Image 3 de jul. de 2026, 13_09_49 (1).png;1122;1402;2538816;1783094992.1309483
198;ChatGPT Image 3 de jul. de 2026, 13_09_49 (2).png;C:\Users\bruno\Downloads\produto lote 1\ChatGPT Image 3 de jul. de 2026, 13_09_49 (2).png;1122;1402;2551907;1783094994.078524
199;ChatGPT Image 3 de jul. de 2026, 13_09_50 (4).png;C:\Users\bruno\Downloads\produto lote 1\ChatGPT Image 3 de jul. de 2026, 13_09_50 (4).png;1122;1402;2216324;1783094994.7689135
200;ChatGPT Image 3 de jul. de 2026, 13_09_50 (3).png;C:\Users\bruno\Downloads\produto lote 1\ChatGPT Image 3 de jul. de 2026, 13_09_50 (3).png;1122;1402;2066837;1783094994.8071783
201;ChatGPT Image 3 de jul. de 2026, 13_09_52 (5).png;C:\Users\bruno\Downloads\produto lote 1\ChatGPT Image 3 de jul. de 2026, 13_09_52 (5).png;1122;1402;2006114;1783094999.7379036
202;ChatGPT Image 3 de jul. de 2026, 13_10_08 (1).png;C:\Users\bruno\Downloads\produto lote 1\ChatGPT Image 3 de jul. de 2026, 13_10_08 (1).png;1254;1254;1963607;1783095010.531762
203;ChatGPT Image 3 de jul. de 2026, 13_10_08 (2).png;C:\Users\bruno\Downloads\produto lote 1\ChatGPT Image 3 de jul. de 2026, 13_10_08 (2).png;1254;1254;1905551;1783095010.634446
204;ChatGPT Image 3 de jul. de 2026, 13_10_08 (3).png;C:\Users\bruno\Downloads\produto lote 1\ChatGPT Image 3 de jul. de 2026, 13_10_08 (3).png;1254;1254;2485215;1783095011.7508903
205;ChatGPT Image 3 de jul. de 2026, 13_10_09 (4).png;C:\Users\bruno\Downloads\produto lote 1\ChatGPT Image 3 de jul. de 2026, 13_10_09 (4).png;1254;1254;1720255;1783095012.1074498
206;ChatGPT Image 3 de jul. de 2026, 13_10_09 (5).png;C:\Users\bruno\Downloads\produto lote 1\ChatGPT Image 3 de jul. de 2026, 13_10_09 (5).png;1254;1254;1598124;1783095012.3363507
207;ChatGPT Image 3 de jul. de 2026, 13_10_26 (1).png;C:\Users\bruno\Downloads\produto lote 1\ChatGPT Image 3 de jul. de 2026, 13_10_26 (1).png;1122;1402;2029582;1783095027.7598815
208;ChatGPT Image 3 de jul. de 2026, 13_10_26 (2).png;C:\Users\bruno\Downloads\produto lote 1\ChatGPT Image 3 de jul. de 2026, 13_10_26 (2).png;1122;1402;2004272;1783095027.85658
209;ChatGPT Image 3 de jul. de 2026, 13_10_27 (3).png;C:\Users\bruno\Downloads\produto lote 1\ChatGPT Image 3 de jul. de 2026, 13_10_27 (3).png;1122;1402;1815250;1783095029.1776001
210;ChatGPT Image 3 de jul. de 2026, 13_10_27 (4).png;C:\Users\bruno\Downloads\produto lote 1\ChatGPT Image 3 de jul. de 2026, 13_10_27 (4).png;1122;1402;1589848;1783095029.3141377
211;ChatGPT Image 3 de jul. de 2026, 13_10_28 (5).png;C:\Users\bruno\Downloads\produto lote 1\ChatGPT Image 3 de jul. de 2026, 13_10_28 (5).png;1122;1402;1797914;1783095029.4631307
212;ChatGPT Image 3 de jul. de 2026, 13_10_28 (6).png;C:\Users\bruno\Downloads\produto lote 1\ChatGPT Image 3 de jul. de 2026, 13_10_28 (6).png;1122;1402;2048214;1783095029.529505
213;ChatGPT Image 3 de jul. de 2026, 13_10_44 (2).png;C:\Users\bruno\Downloads\produto lote 1\ChatGPT Image 3 de jul. de 2026, 13_10_44 (2).png;1122;1402;2098585;1783095047.748323
214;ChatGPT Image 3 de jul. de 2026, 13_10_44 (1).png;C:\Users\bruno\Downloads\produto lote 1\ChatGPT Image 3 de jul. de 2026, 13_10_44 (1).png;1122;1402;2334139;1783095047.8723304
215;ChatGPT Image 3 de jul. de 2026, 13_10_44 (3).png;C:\Users\bruno\Downloads\produto lote 1\ChatGPT Image 3 de jul. de 2026, 13_10_44 (3).png;1122;1402;2601357;1783095048.2577894
216;ChatGPT Image 3 de jul. de 2026, 13_11_51 (2).png;C:\Users\bruno\Downloads\produto lote 1\ChatGPT Image 3 de jul. de 2026, 13_11_51 (2).png;1122;1402;1996740;1783095114.1110451
217;ChatGPT Image 3 de jul. de 2026, 13_11_50 (1).png;C:\Users\bruno\Downloads\produto lote 1\ChatGPT Image 3 de jul. de 2026, 13_11_50 (1).png;1122;1402;2097322;1783095114.1205728
218;ChatGPT Image 3 de jul. de 2026, 13_11_52 (3).png;C:\Users\bruno\Downloads\produto lote 1\ChatGPT Image 3 de jul. de 2026, 13_11_52 (3).png;1122;1402;1905631;1783095114.3748412
219;ChatGPT Image 3 de jul. de 2026, 13_11_52 (4).png;C:\Users\bruno\Downloads\produto lote 1\ChatGPT Image 3 de jul. de 2026, 13_11_52 (4).png;1122;1402;1947334;1783095114.6371417
220;ChatGPT Image 3 de jul. de 2026, 13_11_52 (5).png;C:\Users\bruno\Downloads\produto lote 1\ChatGPT Image 3 de jul. de 2026, 13_11_52 (5).png;1122;1402;1735466;1783095114.7989457
221;ChatGPT Image 3 de jul. de 2026, 13_12_14 (1).png;C:\Users\bruno\Downloads\produto lote 1\ChatGPT Image 3 de jul. de 2026, 13_12_14 (1).png;1122;1402;1832168;1783095136.870065
222;ChatGPT Image 3 de jul. de 2026, 13_12_15 (2).png;C:\Users\bruno\Downloads\produto lote 1\ChatGPT Image 3 de jul. de 2026, 13_12_15 (2).png;1122;1402;2092267;1783095136.9700377
223;ChatGPT Image 3 de jul. de 2026, 13_12_16 (3).png;C:\Users\bruno\Downloads\produto lote 1\ChatGPT Image 3 de jul. de 2026, 13_12_16 (3).png;1122;1402;2263120;1783095137.1013353
224;ChatGPT Image 3 de jul. de 2026, 13_12_30 (1).png;C:\Users\bruno\Downloads\produto lote 1\ChatGPT Image 3 de jul. de 2026, 13_12_30 (1).png;1122;1402;1723441;1783095152.5082517
225;ChatGPT Image 3 de jul. de 2026, 13_12_31 (2).png;C:\Users\bruno\Downloads\produto lote 1\ChatGPT Image 3 de jul. de 2026, 13_12_31 (2).png;1122;1402;1721323;1783095152.8539042
226;ChatGPT Image 3 de jul. de 2026, 13_12_32 (3).png;C:\Users\bruno\Downloads\produto lote 1\ChatGPT Image 3 de jul. de 2026, 13_12_32 (3).png;1122;1402;1785684;1783095155.9898963
227;ChatGPT Image 3 de jul. de 2026, 13_12_35 (4).png;C:\Users\bruno\Downloads\produto lote 1\ChatGPT Image 3 de jul. de 2026, 13_12_35 (4).png;1122;1402;1852348;1783095160.4211507
228;ChatGPT Image 3 de jul. de 2026, 13_12_38 (5).png;C:\Users\bruno\Downloads\produto lote 1\ChatGPT Image 3 de jul. de 2026, 13_12_38 (5).png;1122;1402;1924749;1783095160.7127247
229;ChatGPT Image 3 de jul. de 2026, 13_12_47 (1).png;C:\Users\bruno\Downloads\produto lote 1\ChatGPT Image 3 de jul. de 2026, 13_12_47 (1).png;1122;1402;1812743;1783095172.7688417
230;ChatGPT Image 3 de jul. de 2026, 13_12_48 (2).png;C:\Users\bruno\Downloads\produto lote 1\ChatGPT Image 3 de jul. de 2026, 13_12_48 (2).png;1122;1402;1794660;1783095173.7371683
231;ChatGPT Image 3 de jul. de 2026, 13_12_48 (3).png;C:\Users\bruno\Downloads\produto lote 1\ChatGPT Image 3 de jul. de 2026, 13_12_48 (3).png;1122;1402;2251518;1783095174.0861602
232;ChatGPT Image 3 de jul. de 2026, 13_12_48 (4).png;C:\Users\bruno\Downloads\produto lote 1\ChatGPT Image 3 de jul. de 2026, 13_12_48 (4).png;1122;1402;1902743;1783095176.340944
233;ChatGPT Image 3 de jul. de 2026, 13_12_49 (5).png;C:\Users\bruno\Downloads\produto lote 1\ChatGPT Image 3 de jul. de 2026, 13_12_49 (5).png;1122;1402;1637588;1783095178.6199484
234;ChatGPT Image 3 de jul. de 2026, 13_13_17 (1).png;C:\Users\bruno\Downloads\produto lote 1\ChatGPT Image 3 de jul. de 2026, 13_13_17 (1).png;1254;1254;1574952;1783095198.5579243
235;ChatGPT Image 3 de jul. de 2026, 13_13_17 (2).png;C:\Users\bruno\Downloads\produto lote 1\ChatGPT Image 3 de jul. de 2026, 13_13_17 (2).png;1254;1254;2141614;1783095199.949651
236;ChatGPT Image 3 de jul. de 2026, 13_13_19 (3).png;C:\Users\bruno\Downloads\produto lote 1\ChatGPT Image 3 de jul. de 2026, 13_13_19 (3).png;1254;1254;2233121;1783095200.0505395
237;ChatGPT Image 3 de jul. de 2026, 13_13_19 (4).png;C:\Users\bruno\Downloads\produto lote 1\ChatGPT Image 3 de jul. de 2026, 13_13_19 (4).png;1254;1254;2367155;1783095203.1096034
238;ChatGPT Image 3 de jul. de 2026, 13_33_14 (1).png;C:\Users\bruno\Downloads\produto lote 1\ChatGPT Image 3 de jul. de 2026, 13_33_14 (1).png;1122;1402;2372748;1783096402.957281
239;ChatGPT Image 3 de jul. de 2026, 13_33_14 (2).png;C:\Users\bruno\Downloads\produto lote 1\ChatGPT Image 3 de jul. de 2026, 13_33_14 (2).png;1122;1402;1927323;1783096402.981006
240;ChatGPT Image 3 de jul. de 2026, 13_37_53 (1).png;C:\Users\bruno\Downloads\produto lote 1\ChatGPT Image 3 de jul. de 2026, 13_37_53 (1).png;1122;1402;2339284;1783096695.6264465
241;ChatGPT Image 3 de jul. de 2026, 13_37_56 (2).png;C:\Users\bruno\Downloads\produto lote 1\ChatGPT Image 3 de jul. de 2026, 13_37_56 (2).png;1122;1402;2429687;1783096696.2507677
242;ChatGPT Image 3 de jul. de 2026, 13_37_56 (3).png;C:\Users\bruno\Downloads\produto lote 1\ChatGPT Image 3 de jul. de 2026, 13_37_56 (3).png;1122;1402;2752417;1783096697.2944317
243;ChatGPT Image 3 de jul. de 2026, 13_37_56 (4).png;C:\Users\bruno\Downloads\produto lote 1\ChatGPT Image 3 de jul. de 2026, 13_37_56 (4).png;1122;1402;2286316;1783096698.7787945
244;ChatGPT Image 3 de jul. de 2026, 13_39_46.png;C:\Users\bruno\Downloads\produto lote 1\ChatGPT Image 3 de jul. de 2026, 13_39_46.png;1086;1448;2046619;1783096790.6934052
