sku;nome_original;nome_revisado;categoria;preco;estoque;imagem;descricao;modo_uso;cuidados;slug
"3104000005061";"CHICOTE SEXY PRETO FINIO";"Chicote Sexy Preto Fino";"Acessórios Adultos";"12";"1";"";"sim";"sim";"sim";"chicote-sexy-preto-fino"
"3104000005060";"CHICOTE SEXY PRETO GROSSO";"Chicote Sexy Preto Grosso";"Acessórios Adultos";"12";"9";"";"sim";"sim";"sim";"chicote-sexy-preto-grosso"
"3104000005059";"CHICOTE SEXY VERMELHO";"Chicote Sexy Vermelho";"Acessórios Adultos";"12";"3";"";"sim";"sim";"sim";"chicote-sexy-vermelho"
"3104000004999";"PERFUME DE CALCINHA GARJI TERNURA";"Perfume de Calcinha Garji Ternura";"Desodorantes Íntimos";"12";"2";"";"sim";"sim";"sim";"perfume-de-calcinha-garji-ternura"
"3104000004998";"PERFUME DE CALCINHA GARJI SINTONIA";"Perfume de Calcinha Garji Sintonia";"Desodorantes Íntimos";"12";"1";"";"sim";"sim";"sim";"perfume-de-calcinha-garji-sintonia"
"3104000004997";"PERFUME DE CALCINHA BG HOT CHOCO MENTA";"Perfume de Calcinha BG Hot Choco Menta";"Desodorantes Íntimos";"12";"4";"";"sim";"sim";"sim";"perfume-de-calcinha-bg-hot-choco-menta"
"3104000004996";"PERFUME DE CALCINHA BG HOT MENTA";"Perfume de Calcinha BG Hot Menta";"Desodorantes Íntimos";"12";"5";"";"sim";"sim";"sim";"perfume-de-calcinha-bg-hot-menta"
"3104000004995";"PERFUME DE CALCINHA SEXY UVA";"Perfume de Calcinha Sexy Uva";"Desodorantes Íntimos";"12";"3";"";"sim";"sim";"sim";"perfume-de-calcinha-sexy-uva"
"3104000004994";"PERFUME DE CALCINHA APINIL CARAMELO";"Perfume de Calcinha Apinil Caramelo";"Desodorantes Íntimos";"12";"3";"";"sim";"sim";"sim";"perfume-de-calcinha-apinil-caramelo"
"3104000004993";"PERFUME DE CALCINHA APINIL BAUNILHA";"Perfume de Calcinha Apinil Baunilha";"Desodorantes Íntimos";"12";"10";"";"sim";"sim";"sim";"perfume-de-calcinha-apinil-baunilha"
"3104000004992";"PERFUME DE CALCINHA APINIL MENTA";"Perfume de Calcinha Apinil Menta";"Desodorantes Íntimos";"12";"7";"";"sim";"sim";"sim";"perfume-de-calcinha-apinil-menta"
"3104000004991";"PERFUME DE CALCINHA APINIL MELANCIA";"Perfume de Calcinha Apinil Melancia";"Desodorantes Íntimos";"12";"2";"";"sim";"sim";"sim";"perfume-de-calcinha-apinil-melancia"
"3104000004990";"PERFUME DE CALCINHA APINIL MORANGO";"Perfume de Calcinha Apinil Morango";"Desodorantes Íntimos";"12";"1";"";"sim";"sim";"sim";"perfume-de-calcinha-apinil-morango"
"3104000004989";"PERFUME DE CALCINHA APINIL UVA";"Perfume de Calcinha Apinil Uva";"Desodorantes Íntimos";"12";"7";"";"sim";"sim";"sim";"perfume-de-calcinha-apinil-uva"
"3104000005048";"MEIA ARRASTAO SEXY";"Meia Arrastão Sexy";"Acessórios Adultos";"24";"3";"";"sim";"sim";"sim";"meia-arrastao-sexy"
"3104000005028";"PLUG SILICONE C/ TEXTURA LILÁS";"Plug Silicone C/ Textura Lilás";"Plugs e Acessórios";"24";"1";"";"sim";"sim";"sim";"plug-silicone-c-textura-lilas"
"3104000005027";"PLUG SILICONE SEXY COBRINHA VERMELHO";"Plug Silicone Sexy Cobrinha Vermelho";"Plugs e Acessórios";"24";"1";"";"sim";"sim";"sim";"plug-silicone-sexy-cobrinha-vermelho"
"3104000005026";"PLUG SILICONE SEXY ANCORA ROSA";"Plug Silicone Sexy Âncora Rosa";"Plugs e Acessórios";"24";"1";"";"sim";"sim";"sim";"plug-silicone-sexy-ancora-rosa"
"3104000005025";"COLAR PEROLA SEXY PRETO";"Colar Pérola Sexy Preto";"Acessórios Adultos";"24";"4";"";"sim";"sim";"sim";"colar-perola-sexy-preto"
"3104000005024";"PLUG GG CORAÇÃO AZUL";"Plug Gg Coração Azul";"Plugs e Acessórios";"48";"1";"";"sim";"sim";"sim";"plug-gg-coracao-azul"
"3104000005022";"PLUG GG CORAÇÃO ROSA";"Plug Gg Coração Rosa";"Plugs e Acessórios";"48";"2";"";"sim";"sim";"sim";"plug-gg-coracao-rosa"
"3104000005021";"PLUG GG CORAÇÃO ROXO";"Plug Gg Coração Roxo";"Plugs e Acessórios";"48";"2";"";"sim";"sim";"sim";"plug-gg-coracao-roxo"
"3104000005020";"PLUG G CORACAO FRUTA COR";"Plug G Coracao Fruta Cor";"Plugs e Acessórios";"48";"6";"";"sim";"sim";"sim";"plug-g-coracao-fruta-cor"
"3104000005019";"PLUG G CORACAO PRETO";"Plug G Coracao Preto";"Plugs e Acessórios";"48";"2";"";"sim";"sim";"sim";"plug-g-coracao-preto"
"3104000005018";"PLUG G CORACAO ROXO";"Plug G Coracao Roxo";"Plugs e Acessórios";"48";"4";"";"sim";"sim";"sim";"plug-g-coracao-roxo"
"3104000005017";"PLUG G CORACAO ROSA";"Plug G Coracao Rosa";"Plugs e Acessórios";"48";"1";"";"sim";"sim";"sim";"plug-g-coracao-rosa"
"3104000005016";"PLUG G REDONDO FRUTA COR";"Plug G Redondo Fruta Cor";"Plugs e Acessórios";"48";"1";"";"sim";"sim";"sim";"plug-g-redondo-fruta-cor"
"3104000005015";"PLUG G REDONDO LILAS";"Plug G Redondo Lilas";"Plugs e Acessórios";"48";"2";"";"sim";"sim";"sim";"plug-g-redondo-lilas"
"3104000005014";"PLUG G REDONDO PINK";"Plug G Redondo Pink";"Plugs e Acessórios";"48";"3";"";"sim";"sim";"sim";"plug-g-redondo-pink"
"3104000005013";"PLUG G REDONDO ROSA";"Plug G Redondo Rosa";"Plugs e Acessórios";"48";"5";"";"sim";"sim";"sim";"plug-g-redondo-rosa"
"3104000005012";"PLUG G REDONDO CRISTAL";"Plug G Redondo Cristal";"Plugs e Acessórios";"48";"4";"";"sim";"sim";"sim";"plug-g-redondo-cristal"
"3104000005011";"PLUG G REDONDO VERMELHO";"Plug G Redondo Vermelho";"Plugs e Acessórios";"48";"10";"";"sim";"sim";"sim";"plug-g-redondo-vermelho"
"3104000005010";"PLUG M CORACAO AZUL CLARO";"Plug M Coracao Azul Claro";"Plugs e Acessórios";"36";"1";"";"sim";"sim";"sim";"plug-m-coracao-azul-claro"
"3104000005009";"PLUG M CORACAO AZUL ESCURO";"Plug M Coracao Azul Escuro";"Plugs e Acessórios";"36";"1";"";"sim";"sim";"sim";"plug-m-coracao-azul-escuro"
"3104000005008";"PLUG M CORACAO ROXO";"Plug M Coracao Roxo";"Plugs e Acessórios";"36";"2";"";"sim";"sim";"sim";"plug-m-coracao-roxo"
"3104000005007";"PLUG M CORACAO ROSA";"Plug M Coracao Rosa";"Plugs e Acessórios";"36";"3";"";"sim";"sim";"sim";"plug-m-coracao-rosa"
"3104000005006";"PLUG M CORACAO CRISTAL";"Plug M Coracao Cristal";"Plugs e Acessórios";"36";"2";"";"sim";"sim";"sim";"plug-m-coracao-cristal"
"3104000005004";"PLUG P REDONDO ROXO";"Plug P Redondo Roxo";"Plugs e Acessórios";"24";"1";"";"sim";"sim";"sim";"plug-p-redondo-roxo"
"3104000005003";"PLUG P REDONDO FRUTA COR";"Plug P Redondo Fruta Cor";"Plugs e Acessórios";"24";"1";"";"sim";"sim";"sim";"plug-p-redondo-fruta-cor"
"3104000005002";"PLUG P REDONDO ROSA";"Plug P Redondo Rosa";"Plugs e Acessórios";"24";"3";"";"sim";"sim";"sim";"plug-p-redondo-rosa"
"3104000005001";"PLUG P REDONDO PINK";"Plug P Redondo Pink";"Plugs e Acessórios";"24";"2";"";"sim";"sim";"sim";"plug-p-redondo-pink"
"3104000005000";"PLUG P REDONDO CRISTAL";"Plug P Redondo Cristal";"Plugs e Acessórios";"24";"4";"";"sim";"sim";"sim";"plug-p-redondo-cristal"
"3104000004955";"DUELO DO PRAZER NAMORO";"Duelo do Prazer Namoro";"Jogos Adultos";"12";"10";"";"sim";"sim";"sim";"duelo-do-prazer-namoro"
"3104000004954";"DUELO DO PRAZER FETICHES";"Duelo do Prazer Fetiches";"Jogos Adultos";"12";"7";"";"sim";"sim";"sim";"duelo-do-prazer-fetiches"
"3104000004953";"DUELO DO PRAZER 36 POSICOES";"Duelo do Prazer 36 Posicoes";"Jogos Adultos";"12";"3";"";"sim";"sim";"sim";"duelo-do-prazer-36-posicoes"
"3104000004951";"DADOS SEXY JOGO DO PRAZER HOT";"Dados Sexy Jogo do Prazer Hot";"Jogos Adultos";"12";"14";"";"sim";"sim";"sim";"dados-sexy-jogo-do-prazer-hot"
"3104000004950";"DADOS SEXY TOQUE DO CUPIDO";"Dados Sexy Toque do Cupido";"Jogos Adultos";"12";"11";"";"sim";"sim";"sim";"dados-sexy-toque-do-cupido"
"3104000004946";"PROTESE M PRETA";"Prótese M Preta";"Próteses Adultas";"36";"1";"";"sim";"sim";"sim";"protese-m-preta"
"3104000004945";"PROTESE PP COM ESCROTO";"Prótese PP com Escroto";"Próteses Adultas";"24";"1";"";"sim";"sim";"sim";"protese-pp-com-escroto"
"3104000004944";"PROTESE P MYDICK";"Prótese P MyDick";"Próteses Adultas";"24";"2";"";"sim";"sim";"sim";"protese-p-mydick"
"3104000004943";"PROTESE P SEXY NUDE";"Prótese P Sexy Nude";"Próteses Adultas";"24";"1";"";"sim";"sim";"sim";"protese-p-sexy-nude"
"3104000004942";"PROTESE P SEXY ROSA";"Prótese P Sexy Rosa";"Próteses Adultas";"24";"1";"";"sim";"sim";"sim";"protese-p-sexy-rosa"
"3104000004941";"PROTESE P SEXY BEJE";"Prótese P Sexy Bege";"Próteses Adultas";"24";"1";"";"sim";"sim";"sim";"protese-p-sexy-bege"
"3104000004940";"PROTESE P SEXY ROXO";"Prótese P Sexy Roxo";"Próteses Adultas";"24";"2";"";"sim";"sim";"sim";"protese-p-sexy-roxo"
"3104000004939";"MYDICK PROTESE SEM ESCROTO";"MyDick Prótese Sem Escroto";"Próteses Adultas";"48";"5";"";"sim";"sim";"sim";"mydick-protese-sem-escroto"
"3104000004938";"MYDICK PROTESE COM ESCROTO";"MyDick Prótese com Escroto";"Próteses Adultas";"48";"3";"";"sim";"sim";"sim";"mydick-protese-com-escroto"
"3104000004937";"CHUCA SEXY VERMELHO";"Chuca Sexy Vermelho";"Acessórios Adultos";"12";"2";"";"sim";"sim";"sim";"chuca-sexy-vermelho"
"3104000004936";"CHUCA SEXY ROSA";"Chuca Sexy Rosa";"Acessórios Adultos";"12";"3";"";"sim";"sim";"sim";"chuca-sexy-rosa"
"3104000004935";"TAPA MAMILO FOSCO X VERMELHO";"Tapa Mamilo Fosco X Vermelho";"Acessórios Adultos";"12";"2";"";"sim";"sim";"sim";"tapa-mamilo-fosco-x-vermelho"
"3104000004934";"TAPA MAMILO LANTEJOULA PRETO";"Tapa Mamilo Lantejoula Preto";"Acessórios Adultos";"24";"1";"";"sim";"sim";"sim";"tapa-mamilo-lantejoula-preto"
"3104000004923";"VIBRADOR PREMIUM 17 - ROXO";"Vibrador Premium 17 - Roxo";"Vibradores e Estimuladores";"27";"2";"";"sim";"sim";"sim";"vibrador-premium-17-roxo"
"3104000004922";"VIBRADOR PREMIUM 16 - ROSA";"Vibrador Premium 16 - Rosa";"Vibradores e Estimuladores";"27";"1";"";"sim";"sim";"sim";"vibrador-premium-16-rosa"
"3104000004921";"VIBRADOR PREMIUM 15 - ROSA";"Vibrador Premium 15 - Rosa";"Vibradores e Estimuladores";"27";"1";"";"sim";"sim";"sim";"vibrador-premium-15-rosa"
"3104000004920";"VIBRADOR PREMIUM 14 - ROXO";"Vibrador Premium 14 - Roxo";"Vibradores e Estimuladores";"27";"1";"";"sim";"sim";"sim";"vibrador-premium-14-roxo"
"3104000004919";"VIBRADOR PREMIUM 13 - ROXO";"Vibrador Premium 13 - Roxo";"Vibradores e Estimuladores";"27";"5";"";"sim";"sim";"sim";"vibrador-premium-13-roxo"
"3104000004918";"VIBRADOR PREMIUM 12 - ROSA";"Vibrador Premium 12 - Rosa";"Vibradores e Estimuladores";"27";"3";"";"sim";"sim";"sim";"vibrador-premium-12-rosa"
"3104000004917";"VIBRADOR PREMIUM 11 - ROXO";"Vibrador Premium 11 - Roxo";"Vibradores e Estimuladores";"27";"1";"";"sim";"sim";"sim";"vibrador-premium-11-roxo"
"3104000004916";"VIBRADOR PREMIUM 10- ROSA";"Vibrador Premium 10- Rosa";"Vibradores e Estimuladores";"27";"2";"";"sim";"sim";"sim";"vibrador-premium-10-rosa"
"3104000004931";"VIBRADOR PREMIUM 9 - ROXO";"Vibrador Premium 9 - Roxo";"Vibradores e Estimuladores";"27";"2";"";"sim";"sim";"sim";"vibrador-premium-9-roxo"
"3104000004930";"VIBRADOR PREMIUM 8- ROSA";"Vibrador Premium 8- Rosa";"Vibradores e Estimuladores";"27";"6";"";"sim";"sim";"sim";"vibrador-premium-8-rosa"
"3104000004929";"VIBRADOR PREMIUM 7 - ROXO";"Vibrador Premium 7 - Roxo";"Vibradores e Estimuladores";"27";"3";"";"sim";"sim";"sim";"vibrador-premium-7-roxo"
"3104000004928";"VIBRADOR PREMIUM 6 - VERMELHO";"Vibrador Premium 6 - Vermelho";"Vibradores e Estimuladores";"27";"1";"";"sim";"sim";"sim";"vibrador-premium-6-vermelho"
"3104000004927";"VIBRADOR PREMIUM 5 - ROXO";"Vibrador Premium 5 - Roxo";"Vibradores e Estimuladores";"27";"1";"";"sim";"sim";"sim";"vibrador-premium-5-roxo"
"3104000004926";"VIBRADOR PREMIUM 4- ROSA";"Vibrador Premium 4- Rosa";"Vibradores e Estimuladores";"27";"5";"";"sim";"sim";"sim";"vibrador-premium-4-rosa"
"3104000004925";"VIBRADOR PREMIUM 3- ROSA";"Vibrador Premium 3- Rosa";"Vibradores e Estimuladores";"27";"1";"";"sim";"sim";"sim";"vibrador-premium-3-rosa"
"3104000004924";"VIBRADOR PREMIUM 2- ROSA";"Vibrador Premium 2- Rosa";"Vibradores e Estimuladores";"27";"1";"";"sim";"sim";"sim";"vibrador-premium-2-rosa"
"3104000004915";"VIBRADOR PREMIUM 1 - ROSA";"Vibrador Premium 1 - Rosa";"Vibradores e Estimuladores";"27";"5";"";"sim";"sim";"sim";"vibrador-premium-1-rosa"
"3104000004910";"TATUAGEM FAKE SEXY";"Tatuagem Fake Sexy";"Acessórios Adultos";"12";"2";"";"sim";"sim";"sim";"tatuagem-fake-sexy"
"3104000004907";"FUSION CEREJA ICE SEXY";"Fusion Cereja Ice Sexy";"Acessórios Adultos";"12";"1";"";"sim";"sim";"sim";"fusion-cereja-ice-sexy"
"3104000004904";"TAPA MAMILO LANTELOJA VERMELHO";"Tapa Mamilo Lanteloja Vermelho";"Acessórios Adultos";"12";"2";"";"sim";"sim";"sim";"tapa-mamilo-lanteloja-vermelho"
"3104000004903";"TAPA MAMILO CORAÇÃO FOSCO";"Tapa Mamilo Coração Fosco";"Acessórios Adultos";"12";"8";"";"sim";"sim";"sim";"tapa-mamilo-coracao-fosco"
"3104000004902";"TAPA MAMILO BRILHO X PRETO";"Tapa Mamilo Brilho X Preto";"Acessórios Adultos";"12";"3";"";"sim";"sim";"sim";"tapa-mamilo-brilho-x-preto"
"3104000004901";"TAPA MAMILO BRILHO X PRATA";"Tapa Mamilo Brilho X Prata";"Acessórios Adultos";"12";"3";"";"sim";"sim";"sim";"tapa-mamilo-brilho-x-prata"
"3104000004900";"TAPA MAMILO BRILHO CORAÇÃO PRETO";"Tapa Mamilo Brilho Coração Preto";"Acessórios Adultos";"12";"4";"";"sim";"sim";"sim";"tapa-mamilo-brilho-coracao-preto"
"3104000004875";"TAPA MAMILO BRILHO CORAÇÃO VERMELHO";"Tapa Mamilo Brilho Coração Vermelho";"Acessórios Adultos";"12";"4";"";"sim";"sim";"sim";"tapa-mamilo-brilho-coracao-vermelho"
"3104000004874";"BALA GEL 8ML LEITE CONDENSADO";"Bala Gel 8ml Leite Condensado";"Géis e Cuidados";"12";"1";"";"sim";"sim";"sim";"bala-gel-8ml-leite-condensado"
"3104000004873";"BALA GEL 8ML COCA-COLA";"Bala Gel 8ml Coca-cola";"Géis e Cuidados";"12";"4";"";"sim";"sim";"sim";"bala-gel-8ml-coca-cola"
"3104000004871";"CANETA COMESTIVEL SEXY CHOCOLATE COM MENTO";"Caneta Comestivel Sexy Chocolate com Mento";"Acessórios Adultos";"12";"3";"";"sim";"sim";"sim";"caneta-comestivel-sexy-chocolate-com-mento"
"3104000004870";"CANETA COMESTIVEL SEXY BANANA CARAMELIZADA";"Caneta Comestivel Sexy Banana Caramelizada";"Acessórios Adultos";"12";"3";"";"sim";"sim";"sim";"caneta-comestivel-sexy-banana-caramelizada"
"3104000004872";"CANETA COMESTIVEL SEXY CREME CONDENSADO";"Caneta Comestivel Sexy Creme Condensado";"Acessórios Adultos";"12";"5";"";"sim";"sim";"sim";"caneta-comestivel-sexy-creme-condensado"
"3104000004869";"CANETA COMESTIVEL SEXY MORANGO";"Caneta Comestivel Sexy Morango";"Acessórios Adultos";"12";"4";"";"sim";"sim";"sim";"caneta-comestivel-sexy-morango"
"3104000004868";"CANETA COMESTIVEL SEXY QUERO MAIS";"Caneta Comestivel Sexy Quero Mais";"Acessórios Adultos";"12";"4";"";"sim";"sim";"sim";"caneta-comestivel-sexy-quero-mais"
"3104000004867";"CANETA COMESTIVEL SEXY VIRGENZINHA";"Caneta Comestivel Sexy Virgenzinha";"Acessórios Adultos";"12";"4";"";"sim";"sim";"sim";"caneta-comestivel-sexy-virgenzinha"
"3104000004866";"CANETA COMESTIVEL SEXY UVA";"Caneta Comestivel Sexy Uva";"Acessórios Adultos";"12";"2";"";"sim";"sim";"sim";"caneta-comestivel-sexy-uva"
"3104000004865";"CANETA COMESTIVEL SEXY MENTA";"Caneta Comestivel Sexy Menta";"Acessórios Adultos";"12";"6";"";"sim";"sim";"sim";"caneta-comestivel-sexy-menta"
"3104000004862";"BOLINHAS SEXY TRIPLO-X";"Bolinhas Sexy Triplo-x";"Acessórios Adultos";"12";"1";"";"sim";"sim";"sim";"bolinhas-sexy-triplo-x"
"3104000004861";"BOLINHAS SEXY CARAMELO";"Bolinhas Sexy Caramelo";"Acessórios Adultos";"12";"2";"";"sim";"sim";"sim";"bolinhas-sexy-caramelo"
"3104000004860";"BOLINHAS SEXY COCA-COLA";"Bolinhas Sexy Coca-cola";"Acessórios Adultos";"12";"4";"";"sim";"sim";"sim";"bolinhas-sexy-coca-cola"
"3104000004859";"BOLINHAS SEXY OLHO DE TANDERA";"Bolinhas Sexy Olho de Tandera";"Acessórios Adultos";"12";"3";"";"sim";"sim";"sim";"bolinhas-sexy-olho-de-tandera"
"3104000004858";"BOLINHAS SEXY BLACK ICE";"Bolinhas Sexy Black Ice";"Acessórios Adultos";"12";"1";"";"sim";"sim";"sim";"bolinhas-sexy-black-ice"
"3104000004857";"BOLINHAS SEXY LEITE CONDENSADO";"Bolinhas Sexy Leite Condensado";"Acessórios Adultos";"12";"2";"";"sim";"sim";"sim";"bolinhas-sexy-leite-condensado"
"3104000004856";"BOLINHAS SEXY GUARANÁ";"Bolinhas Sexy Guaraná";"Acessórios Adultos";"12";"3";"";"sim";"sim";"sim";"bolinhas-sexy-guarana"
"3104000004854";"BOLINHAS SEXY CHERRY BOMB";"Bolinhas Sexy Cherry Bomb";"Acessórios Adultos";"12";"1";"";"sim";"sim";"sim";"bolinhas-sexy-cherry-bomb"
"3104000004853";"BOLINHAS SEXY MAÇA VERDE";"Bolinhas Sexy Maça Verde";"Acessórios Adultos";"12";"1";"";"sim";"sim";"sim";"bolinhas-sexy-maca-verde"
"3104000004852";"BOLINHAS SEXY TWISTER";"Bolinhas Sexy Twister";"Acessórios Adultos";"12";"15";"";"sim";"sim";"sim";"bolinhas-sexy-twister"
"3104000004851";"BOLINHAS SEXY 100 DOR";"Bolinhas Sexy 100 Dor";"Acessórios Adultos";"12";"20";"";"sim";"sim";"sim";"bolinhas-sexy-100-dor"
"3104000004850";"BOLINHAS SEXY AH NOW";"Bolinhas Sexy Ah Now";"Acessórios Adultos";"12";"5";"";"sim";"sim";"sim";"bolinhas-sexy-ah-now"
"3104000004849";"BOLINHAS SEXY TRIPLE SHOCK";"Bolinhas Sexy Triple Shock";"Acessórios Adultos";"12";"1";"";"sim";"sim";"sim";"bolinhas-sexy-triple-shock"
"3104000004848";"BOLINHAS SEXY DOCE DE LEITE";"Bolinhas Sexy Doce de Leite";"Acessórios Adultos";"12";"3";"";"sim";"sim";"sim";"bolinhas-sexy-doce-de-leite"
"3104000004846";"FÁCIL LUB CHOCOLATE";"Fácil Lub Chocolate";"Géis e Cuidados";"12";"2";"";"sim";"sim";"sim";"facil-lub-chocolate"
"3104000004844";"LUB K GEL 18G";"Lub K Gel 18g";"Géis e Cuidados";"12";"3";"";"sim";"sim";"sim";"lub-k-gel-18g"
"3104000004843";"GEL ICE CEREJA";"Gel Ice Cereja";"Géis e Cuidados";"12";"3";"";"sim";"sim";"sim";"gel-ice-cereja"
"3104000004842";"GEL ICE CAPIRINHA";"Gel Ice Capirinha";"Géis e Cuidados";"12";"2";"";"sim";"sim";"sim";"gel-ice-capirinha"
"3104000004841";"GEL ICE MENTA";"Gel Ice Menta";"Géis e Cuidados";"12";"2";"";"sim";"sim";"sim";"gel-ice-menta"
"3104000004840";"GEL CARROSEL DOCE DE LEITE";"Gel Carrosel Doce de Leite";"Géis e Cuidados";"12";"2";"";"sim";"sim";"sim";"gel-carrosel-doce-de-leite"
"3104000004839";"GEL CARROSEL BEIJINHO";"Gel Carrosel Beijinho";"Géis e Cuidados";"12";"2";"";"sim";"sim";"sim";"gel-carrosel-beijinho"
"3104000004832";"GEL FOR SEXY LEITE CONDENSADO";"Gel For Sexy Leite Condensado";"Géis e Cuidados";"12";"1";"";"sim";"sim";"sim";"gel-for-sexy-leite-condensado"
"3104000004831";"GEL FOR SEXY HOT CARAMELO";"Gel For Sexy Hot Caramelo";"Géis e Cuidados";"12";"2";"";"sim";"sim";"sim";"gel-for-sexy-hot-caramelo"
"3104000004830";"GEL FOR SEXY ICE BLACK";"Gel For Sexy Ice Black";"Géis e Cuidados";"12";"1";"";"sim";"sim";"sim";"gel-for-sexy-ice-black"
"3104000004829";"GEL HOT MENTA";"Gel Hot Menta";"Géis e Cuidados";"12";"3";"";"sim";"sim";"sim";"gel-hot-menta"
"3104000004828";"GEL SEDENTA POR SENSAÇÃO";"Gel Sedenta Por Sensação";"Géis e Cuidados";"12";"2";"";"sim";"sim";"sim";"gel-sedenta-por-sensacao"
"3104000004827";"GEL SEDENTA POR CHICLETE";"Gel Sedenta Por Chiclete";"Géis e Cuidados";"12";"2";"";"sim";"sim";"sim";"gel-sedenta-por-chiclete"
"3104000004826";"GEL SEDENTA POR IOGURTE";"Gel Sedenta Por Iogurte";"Géis e Cuidados";"12";"1";"";"sim";"sim";"sim";"gel-sedenta-por-iogurte"
"3104000004825";"GEL MISTERZÃO";"Gel Misterzão";"Géis e Cuidados";"12";"3";"";"sim";"sim";"sim";"gel-misterzao"
"3104000004824";"GEL DURATESON";"Gel Durateson";"Géis e Cuidados";"12";"3";"";"sim";"sim";"sim";"gel-durateson"
"3104000004823";"GEL LAMB PÊSSEGO E CHANTILLY";"Gel Lamb Pêssego e Chantilly";"Géis e Cuidados";"12";"1";"";"sim";"sim";"sim";"gel-lamb-pessego-e-chantilly"
"3104000004822";"GEL LAMB YOGURTE";"Gel Lamb Yogurte";"Géis e Cuidados";"12";"2";"";"sim";"sim";"sim";"gel-lamb-yogurte"
"3104000004821";"GEL LAMB HORTELÃ";"Gel Lamb Hortelã";"Géis e Cuidados";"12";"2";"";"sim";"sim";"sim";"gel-lamb-hortela"
"3104000004820";"GEL YUMMY FRAMBOESA";"Gel Yummy Framboesa";"Géis e Cuidados";"12";"2";"";"sim";"sim";"sim";"gel-yummy-framboesa"
"3104000004819";"GEL YUMMY CHICLETE";"Gel Yummy Chiclete";"Géis e Cuidados";"12";"3";"";"sim";"sim";"sim";"gel-yummy-chiclete"
"3104000004818";"GEL YUMMY VINHO TINTO";"Gel Yummy Vinho Tinto";"Géis e Cuidados";"12";"1";"";"sim";"sim";"sim";"gel-yummy-vinho-tinto"
"3104000004817";"GEL YUMMY MORANGO";"Gel Yummy Morango";"Géis e Cuidados";"12";"1";"";"sim";"sim";"sim";"gel-yummy-morango"
"3104000004816";"GEL YUMMY CAIPIRINHA";"Gel Yummy Caipirinha";"Géis e Cuidados";"12";"1";"";"sim";"sim";"sim";"gel-yummy-caipirinha"
"3104000004815";"GEL YUMMY ICE MENTA";"Gel Yummy Ice Menta";"Géis e Cuidados";"12";"1";"";"sim";"sim";"sim";"gel-yummy-ice-menta"
"3104000004814";"GEL YUMMY MENTA";"Gel Yummy Menta";"Géis e Cuidados";"12";"1";"";"sim";"sim";"sim";"gel-yummy-menta"
"3104000004808";"BOLINHAS SEXY TEQUILA";"Bolinhas Sexy Tequila";"Acessórios Adultos";"12";"1";"";"sim";"sim";"sim";"bolinhas-sexy-tequila"
"3104000004807";"BOLINHAS SEXY CAIPIRINHA";"Bolinhas Sexy Caipirinha";"Acessórios Adultos";"12";"2";"";"sim";"sim";"sim";"bolinhas-sexy-caipirinha"
"3104000004806";"BOLINHAS SEXY SMIRNFUCK";"Bolinhas Sexy Smirnfuck";"Acessórios Adultos";"12";"4";"";"sim";"sim";"sim";"bolinhas-sexy-smirnfuck"
"3104000004805";"BOLINHAS SEXY BABALUU MELANCIA";"Bolinhas Sexy Babaluu Melancia";"Acessórios Adultos";"12";"2";"";"sim";"sim";"sim";"bolinhas-sexy-babaluu-melancia"
"3104000004804";"BOLINHAS SEXY BABALUU MORANGO";"Bolinhas Sexy Babaluu Morango";"Acessórios Adultos";"12";"2";"";"sim";"sim";"sim";"bolinhas-sexy-babaluu-morango"
"3104000004803";"BOLINHAS SEXY BABALUU TUTTI-FRUTTI";"Bolinhas Sexy Babaluu Tutti-frutti";"Acessórios Adultos";"12";"3";"";"sim";"sim";"sim";"bolinhas-sexy-babaluu-tutti-frutti"
"3104000004802";"BOLINHAS SEXY LOVE LIVRE";"Bolinhas Sexy Love Livre";"Acessórios Adultos";"12";"3";"";"sim";"sim";"sim";"bolinhas-sexy-love-livre"
"3104000004801";"BOLINHAS SEXY ANAL LOVE";"Bolinhas Sexy Anal Love";"Plugs e Acessórios";"12";"5";"";"sim";"sim";"sim";"bolinhas-sexy-anal-love"
"3104000004800";"BOLINHAS SEXY VIBER MORANGO";"Bolinhas Sexy Viber Morango";"Acessórios Adultos";"12";"1";"";"sim";"sim";"sim";"bolinhas-sexy-viber-morango"
"3104000004799";"BOLINHAS SEXY CHOCOLATE COM AVELA";"Bolinhas Sexy Chocolate com Avela";"Acessórios Adultos";"12";"2";"";"sim";"sim";"sim";"bolinhas-sexy-chocolate-com-avela"
"3104000004798";"BOLINHAS SEXY HOT RDBULL";"Bolinhas Sexy Hot Rdbull";"Acessórios Adultos";"12";"3";"";"sim";"sim";"sim";"bolinhas-sexy-hot-rdbull"
"3104000004797";"BOLINHAS SEXY SEM DESCONFORTO";"Bolinhas Sexy Sem Desconforto";"Acessórios Adultos";"12";"1";"";"sim";"sim";"sim";"bolinhas-sexy-sem-desconforto"
"3104000004796";"BOLINHAS SEXY POP MORANGO";"Bolinhas Sexy Pop Morango";"Acessórios Adultos";"12";"2";"";"sim";"sim";"sim";"bolinhas-sexy-pop-morango"
"3104000004795";"BOLINHAS SEXY POP FRUTAS VERMELHAS";"Bolinhas Sexy Pop Frutas Vermelhas";"Acessórios Adultos";"12";"2";"";"sim";"sim";"sim";"bolinhas-sexy-pop-frutas-vermelhas"
"3104000004794";"BOLINHAS SEXY POP MORANGO C/ CHAMPANHE";"Bolinhas Sexy Pop Morango C/ Champanhe";"Acessórios Adultos";"12";"4";"";"sim";"sim";"sim";"bolinhas-sexy-pop-morango-c-champanhe"
"3104000004793";"BOLINHAS SEXY POP SENSAÇÃO";"Bolinhas Sexy Pop Sensação";"Acessórios Adultos";"12";"4";"";"sim";"sim";"sim";"bolinhas-sexy-pop-sensacao"
"3104000004792";"BOLINHAS SEXY POP UVA";"Bolinhas Sexy Pop Uva";"Acessórios Adultos";"12";"4";"";"sim";"sim";"sim";"bolinhas-sexy-pop-uva"
"3104000004791";"BOLINHAS SEXY IN DOLOR";"Bolinhas Sexy In Dolor";"Acessórios Adultos";"12";"4";"";"sim";"sim";"sim";"bolinhas-sexy-in-dolor"
"3104000004789";"BELA ADORMECIDA SEXY";"Bela Adormecida Sexy";"Acessórios Adultos";"12";"5";"";"sim";"sim";"sim";"bela-adormecida-sexy"
"3104000004788";"GEL MASSAGEM SEMPRE VIRGEM";"Gel Massagem Sempre Virgem";"Géis e Cuidados";"12";"7";"";"sim";"sim";"sim";"gel-massagem-sempre-virgem"
"3104000004787";"CALDA SEXY MORANGO";"Calda Sexy Morango";"Acessórios Adultos";"12";"1";"";"sim";"sim";"sim";"calda-sexy-morango"
"3104000004786";"MASTURBADOR CAPSULE SEXY CINZA";"Masturbador Capsule Sexy Cinza";"Vibradores e Estimuladores";"24";"2";"";"sim";"sim";"sim";"masturbador-capsule-sexy-cinza"
"3104000004781";"MASTURBADOR CAPSULE SEXY AZUL";"Masturbador Capsule Sexy Azul";"Vibradores e Estimuladores";"24";"2";"";"sim";"sim";"sim";"masturbador-capsule-sexy-azul"
"3104000004784";"MASTURBADOR CAPSULE SEXY VERDE";"Masturbador Capsule Sexy Verde";"Vibradores e Estimuladores";"24";"2";"";"sim";"sim";"sim";"masturbador-capsule-sexy-verde"
"3104000004783";"MASTURBADOR CAPSULE SEXY ROSA";"Masturbador Capsule Sexy Rosa";"Vibradores e Estimuladores";"24";"2";"";"sim";"sim";"sim";"masturbador-capsule-sexy-rosa"
"3104000004785";"MASTURBADOR CAPSULE SEXY LARANJA";"Masturbador Capsule Sexy Laranja";"Vibradores e Estimuladores";"24";"2";"";"sim";"sim";"sim";"masturbador-capsule-sexy-laranja"
"3104000004782";"MASTURBADOR CAPSULE SEXY ROXO";"Masturbador Capsule Sexy Roxo";"Vibradores e Estimuladores";"24";"1";"";"sim";"sim";"sim";"masturbador-capsule-sexy-roxo"
"3104000004777";"KGEL LUBRIFICANTE TRADICIONAL";"Kgel Lubrificante Tradicional";"Géis e Cuidados";"12";"7";"";"sim";"sim";"sim";"kgel-lubrificante-tradicional"
"3104000004776";"GEL RAPIDINHA CHICLETE";"Gel Rapidinha Chiclete";"Géis e Cuidados";"12";"3";"";"sim";"sim";"sim";"gel-rapidinha-chiclete"
"3104000004775";"LOVE LUB HOT";"Love Lub Hot";"Géis e Cuidados";"17";"3";"";"sim";"sim";"sim";"love-lub-hot"
"3104000004773";"LUBRIFICANTE BABBALOO MENTA";"Lubrificante Babbaloo Menta";"Géis e Cuidados";"17";"9";"";"sim";"sim";"sim";"lubrificante-babbaloo-menta"
"3104000004772";"LUBRIFICANTE BABBALOO MENTA ICE";"Lubrificante Babbaloo Menta Ice";"Géis e Cuidados";"17";"8";"";"sim";"sim";"sim";"lubrificante-babbaloo-menta-ice"
"3104000004771";"LUBRIFICANTE BABBALOO MORANGO";"Lubrificante Babbaloo Morango";"Géis e Cuidados";"17";"3";"";"sim";"sim";"sim";"lubrificante-babbaloo-morango"
"3104000004770";"LUBRIFICANTE BABBALOO MELANCIA";"Lubrificante Babbaloo Melancia";"Géis e Cuidados";"17";"8";"";"sim";"sim";"sim";"lubrificante-babbaloo-melancia"
"3104000004774";"LUBRIFICANTE BABBALOO TUTTI-FRUIT";"Lubrificante Babbaloo Tutti-fruit";"Géis e Cuidados";"17";"4";"";"sim";"sim";"sim";"lubrificante-babbaloo-tutti-fruit"
"3104000004760";"MINI BULLET DUPLO ROSA PONTA FINA";"Mini Bullet Duplo Rosa Ponta Fina";"Vibradores e Estimuladores";"24";"12";"mini-bullet-rosa-ponta-fina.png";"sim";"sim";"sim";"mini-bullet-duplo-rosa-ponta-fina"
"3104000004759";"MINI BULLET DUPLO VIBRADOR ROSA";"Mini Bullet Duplo Vibrador Rosa";"Vibradores e Estimuladores";"24";"13";"mini-bullet-duplo-rosa.png";"sim";"sim";"sim";"mini-bullet-duplo-vibrador-rosa"
"3104000004758";"MINI BULLET DUPLO LINGUINHA ROXO";"Mini Bullet Duplo Linguinha Roxo";"Vibradores e Estimuladores";"24";"11";"mini-bullet-duplo-linguinha-roxo-3104000004758.jpg";"sim";"sim";"sim";"mini-bullet-duplo-linguinha-roxo"
"3104000004757";"MINI BULLET DUPLO SUGADOR ROSA";"Mini Bullet Duplo Sugador Rosa";"Vibradores e Estimuladores";"24";"6";"";"sim";"sim";"sim";"mini-bullet-duplo-sugador-rosa"
"3104000004756";"VIBRADOR SEXY CONTROLE PRETO";"Vibrador Sexy Controle Preto";"Vibradores e Estimuladores";"12";"3";"vibrador-sexy-controle-preto-3104000004756.jpg";"sim";"sim";"sim";"vibrador-sexy-controle-preto"
"3104000004755";"VIBRADOR SEXY CONTROLE ROSA";"Vibrador Sexy Controle Rosa";"Vibradores e Estimuladores";"12";"3";"vibrador-sexy-controle-rosa-3104000004755.jpg";"sim";"sim";"sim";"vibrador-sexy-controle-rosa"
"3104000004754";"VIBRADOR SEXY CONTROLE MARROM";"Vibrador Sexy Controle Marrom";"Vibradores e Estimuladores";"12";"1";"vibrador-sexy-controle-marrom-3104000004754.jpg";"sim";"sim";"sim";"vibrador-sexy-controle-marrom"
"3104000004753";"VIBRADOR SEXY CONTROLE BRANCO";"Vibrador Sexy Controle Branco";"Vibradores e Estimuladores";"12";"1";"vibrador-sexy-controle-branco-3104000004753.jpg";"sim";"sim";"sim";"vibrador-sexy-controle-branco"
"3104000004752";"VIBRADOR SEXY CONTROLE VERMELHO";"Vibrador Sexy Controle Vermelho";"Vibradores e Estimuladores";"12";"8";"vibrador-sexy-controle-vermelho-3104000004752.jpg";"sim";"sim";"sim";"vibrador-sexy-controle-vermelho"
"3104000004750";"MINI VIBRADOR SEXY";"Mini Vibrador Sexy";"Vibradores e Estimuladores";"12";"1";"mini-vibrador-sexy-3104000004750.jpg";"sim";"sim";"sim";"mini-vibrador-sexy"
"3104000004749";"ANEL PENIANO SEXY URSINHO PRETO";"Anel Peniano Sexy Ursinho Preto";"Acessórios Adultos";"12";"3";"anel-peniano-sexy-ursinho-preto-3104000004749.jpg";"sim";"sim";"sim";"anel-peniano-sexy-ursinho-preto"
"3104000004748";"ANEL PENIANO SEXY URSINHO TRANSP.";"Anel Peniano Sexy Ursinho Transp.";"Acessórios Adultos";"12";"3";"anel-peniano-sexy-ursinho-transp-3104000004748.jpg";"sim";"sim";"sim";"anel-peniano-sexy-ursinho-transp"
"3104000004747";"ANEL PENIANO SEXY BOLINHA TRANSP.";"Anel Peniano Sexy Bolinha Transp.";"Acessórios Adultos";"12";"1";"anel-peniano-sexy-bolinha-transp-3104000004747.jpg";"sim";"sim";"sim";"anel-peniano-sexy-bolinha-transp"
"3104000004746";"ANEL PENIANO SEXY BOLINHA ROSA";"Anel Peniano Sexy Bolinha Rosa";"Acessórios Adultos";"12";"2";"anel-peniano-sexy-bolinha-rosa-3104000004746.jpg";"sim";"sim";"sim";"anel-peniano-sexy-bolinha-rosa"
"3104000004745";"ANEL PENIANO SEXY BOLINHA PRETO";"Anel Peniano Sexy Bolinha Preto";"Acessórios Adultos";"12";"2";"anel-peniano-sexy-bolinha-preto-3104000004745.jpg";"sim";"sim";"sim";"anel-peniano-sexy-bolinha-preto"
"3104000004744";"DEDEIRA COM TEXTURA SEXY ROXO";"Dedeira com Textura Sexy Roxo";"Acessórios Adultos";"12";"1";"dedeira-com-textura-sexy-roxo-3104000004744.jpg";"sim";"sim";"sim";"dedeira-com-textura-sexy-roxo"
"3104000004743";"DEDEIRA COM TEXTURA SEXY ROSA";"Dedeira com Textura Sexy Rosa";"Acessórios Adultos";"12";"3";"dedeira-com-textura-sexy-rosa-3104000004743.jpg";"sim";"sim";"sim";"dedeira-com-textura-sexy-rosa"
"3104000004742";"ANEL PENIANO ROSA DE ORELHA";"Anel Peniano Rosa de Orelha";"Acessórios Adultos";"12";"16";"anel-peniano-rosa-de-orelha-3104000004742.jpg";"sim";"sim";"sim";"anel-peniano-rosa-de-orelha"
"3104000004741";"ANEL PENIANO ROXO DE ORELHA";"Anel Peniano Roxo de Orelha";"Acessórios Adultos";"12";"8";"anel-peniano-roxo-de-orelha-3104000004741.jpg";"sim";"sim";"sim";"anel-peniano-roxo-de-orelha"
"3104000004739";"ALGEMA PRETA VELUDO";"Algema Preta Veludo";"Acessórios Adultos";"17";"3";"algema-preta-veludo-3104000004739.jpg";"sim";"sim";"sim";"algema-preta-veludo"
"3104000004738";"ALGEMA VERMELHA VELUDO";"Algema Vermelha Veludo";"Acessórios Adultos";"17";"4";"algema-vermelha-veludo-3104000004738.jpg";"sim";"sim";"sim";"algema-vermelha-veludo"
"3104000004737";"ALGEMA BRANCA VELUDO";"Algema Branca Veludo";"Acessórios Adultos";"17";"2";"algema-branca-veludo-3104000004737.jpg";"sim";"sim";"sim";"algema-branca-veludo"
"3104000004736";"ALGEMA ROSA VELUDO";"Algema Rosa Veludo";"Acessórios Adultos";"17";"3";"algema-rosa-veludo-3104000004736.jpg";"sim";"sim";"sim";"algema-rosa-veludo"
"3104000004735";"ALGEMA ONÇA VELUDO";"Algema Onça Veludo";"Acessórios Adultos";"17";"10";"algema-onca-veludo-3104000004735.jpg";"sim";"sim";"sim";"algema-onca-veludo"
"3104000004727";"VIRGINITE GEL";"Virginite Gel";"Géis e Cuidados";"12";"1";"virginite-gel.png";"sim";"sim";"sim";"virginite-gel"
"3104000004726";"AMOXSEX GEL";"Amoxsex Gel";"Géis e Cuidados";"12";"1";"";"sim";"sim";"sim";"amoxsex-gel"
"3104000004724";"PAU ERGUIDO SEXY";"Pau Erguido Sexy";"Acessórios Adultos";"12";"1";"pau-erguido-sexy-3104000004724.jpg";"sim";"sim";"sim";"pau-erguido-sexy"
"3104000004723";"DANDO UMA GOSTOSO GEL";"Dando Uma Gostoso Gel";"Géis e Cuidados";"12";"2";"";"sim";"sim";"sim";"dando-uma-gostoso-gel"
"3104000004722";"COME ANEL GEL";"Come Anel Gel";"Géis e Cuidados";"12";"3";"";"sim";"sim";"sim";"come-anel-gel"
"3104000004721";"QY MORANGO GEL";"QY Morango Gel";"Géis e Cuidados";"12";"8";"";"sim";"sim";"sim";"qy-morango-gel"
"3104000004720";"GEL SENSUAL";"Gel Sensual";"Géis e Cuidados";"12";"6";"gel-sensual-3104000004720.jpg";"sim";"sim";"sim";"gel-sensual"
"3104000004719";"HOT ICE GEL";"Hot Ice Gel";"Géis e Cuidados";"12";"1";"";"sim";"sim";"sim";"hot-ice-gel"
"3104000004718";"SEMPRE VIRGEM GEL";"Sempre Virgem Gel";"Géis e Cuidados";"12";"2";"";"sim";"sim";"sim";"sempre-virgem-gel"
"3104000004717";"MAIS BUMBUM GEL";"Mais Bumbum Gel";"Géis e Cuidados";"12";"6";"";"sim";"sim";"sim";"mais-bumbum-gel"
"3104000004716";"NABUCETÃO GEL";"Nabucetão Gel";"Géis e Cuidados";"12";"2";"";"sim";"sim";"sim";"nabucetao-gel"
"3104000004715";"METE FICHA GEL";"Mete Ficha Gel";"Géis e Cuidados";"12";"2";"";"sim";"sim";"sim";"mete-ficha-gel"
"3104000004713";"VAMOS SER FELIZ GEL";"Vamos Ser Feliz Gel";"Géis e Cuidados";"12";"6";"";"sim";"sim";"sim";"vamos-ser-feliz-gel"
"3104000004712";"FOFATOBA GEL";"Fofatoba Gel";"Géis e Cuidados";"12";"8";"";"sim";"sim";"sim";"fofatoba-gel"
"3104000004711";"PARACETADURO SEXY";"Paracetaduro Sexy";"Acessórios Adultos";"12";"3";"paracetaduro-gel.png";"sim";"sim";"sim";"paracetaduro-sexy"
"3104000004710";"PIROCAXONA GEL";"Pirocaxona Gel";"Géis e Cuidados";"12";"2";"";"sim";"sim";"sim";"pirocaxona-gel"
"3104000004709";"PIROCADURA GEL";"Pirocadura Gel";"Géis e Cuidados";"12";"2";"";"sim";"sim";"sim";"pirocadura-gel"
"3104000004708";"JANUMETE GEL";"Janumete Gel";"Géis e Cuidados";"12";"4";"";"sim";"sim";"sim";"janumete-gel"
"3104000004707";"BEIJO GREGO GEL";"Beijo Grego Gel";"Géis e Cuidados";"12";"4";"";"sim";"sim";"sim";"beijo-grego-gel"
"3104000004706";"ANIS SEX GEL";"Anis Sex Gel";"Géis e Cuidados";"12";"10";"anis-sex-gel.png";"sim";"sim";"sim";"anis-sex-gel"
"3104000004705";"METIOULATE GEL";"Metioulate Gel";"Géis e Cuidados";"12";"4";"";"sim";"sim";"sim";"metioulate-gel"
"3104000004704";"RIVOSEX GEL";"Rivosex Gel";"Géis e Cuidados";"12";"8";"";"sim";"sim";"sim";"rivosex-gel"
"3104000004703";"KAMA SUTRA GEL";"Kama Sutra Gel";"Géis e Cuidados";"12";"11";"";"sim";"sim";"sim";"kama-sutra-gel"
"3104000004702";"GARGANTA PROFUNDA MAÇA VERDE";"Garganta Profunda Maçã Verde";"Balas Líquidas";"17";"5";"";"sim";"sim";"sim";"garganta-profunda-maca-verde"
"3104000004701";"GARGANTA PROFUNDA MORANGO COM LICHIA";"Garganta Profunda Morango Com Lichia";"Balas Líquidas";"17";"7";"";"sim";"sim";"sim";"garganta-profunda-morango-com-lichia"
"3104000004700";"LUB-PLUS GEL15ML";"Lub-Plus Gel 15ml";"Géis e Cuidados";"12";"13";"";"sim";"sim";"sim";"lub-plus-gel-15ml"
"3104000004699";"LUB-PLUS GEL 100ML";"Lub-plus Gel 100ml";"Géis e Cuidados";"17";"10";"";"sim";"sim";"sim";"lub-plus-gel-100ml"
"3104000004698";"K-MED GEL INTIMO";"K-med Gel Íntimo";"Géis e Cuidados";"17";"8";"k-med-gel-intimo.png";"sim";"sim";"sim";"k-med-gel-intimo"
"3104000004696";"MASTURBADOR EGG BEGE SEXY";"Masturbador Egg Bege Sexy";"Vibradores e Estimuladores";"12";"8";"";"sim";"sim";"sim";"masturbador-egg-bege-sexy"
"3104000004695";"MASTURBADOR EGG ROXO SEXY";"Masturbador Egg Roxo Sexy";"Vibradores e Estimuladores";"12";"7";"egg-wavy.png";"sim";"sim";"sim";"masturbador-egg-roxo-sexy"
"3104000004694";"MASTURBADOR EGG ROSA SEXY";"Masturbador Egg Rosa Sexy";"Vibradores e Estimuladores";"12";"2";"egg-stepper.png";"sim";"sim";"sim";"masturbador-egg-rosa-sexy"
"3104000004693";"CREME ADSTRINGENTE SEXY";"Creme Adstringente Sexy";"Acessórios Adultos";"12";"2";"";"sim";"sim";"sim";"creme-adstringente-sexy"
"3104000004692";"CREME DESSENSIBILIZANTE";"Creme Dessensibilizante";"Géis & Cremes";"12";"11";"creme-dessensibilizante-3104000004692.jpg";"sim";"sim";"sim";"creme-dessensibilizante"
"3104000004691";"CREME MULTIFUNÇÕES SEXY";"Creme Multifunções Sexy";"Acessórios Adultos";"12";"6";"creme-multifuncoes-sexy-3104000004691.jpg";"sim";"sim";"sim";"creme-multifuncoes-sexy"
"3104000004690";"CREME FEMININO SEXY";"Creme Feminino Sexy";"Acessórios Adultos";"12";"3";"creme-feminino-sexy-3104000004690.jpg";"sim";"sim";"sim";"creme-feminino-sexy"
"3104000004688";"PAU DE CAVALO SPRAY 40ML SEXY";"Pau de Cavalo Spray 40ml Sexy";"Acessórios Adultos";"12";"9";"";"sim";"sim";"sim";"pau-de-cavalo-spray-40ml-sexy"
"3104000004680";"CALCINHA COM CINTA";"Calcinha com Cinta";"Acessórios Adultos";"17";"53";"calcinha-com-cinta-3104000004680.jpg";"sim";"sim";"sim";"calcinha-com-cinta"
"3104000004664";"SABONETE ÍNTIMO MORANGO";"Sabonete Íntimo Morango";"Acessórios Adultos";"12";"12";"";"sim";"sim";"sim";"sabonete-intimo-morango"
"3104000004577";"RIACHO CINTA LIGA SEXY";"Riacho Cinta Liga Sexy";"Acessórios Adultos";"36";"94";"";"sim";"sim";"sim";"riacho-cinta-liga-sexy"
"3104000004576";"CALCINHA FIO RENDA BORBOLETA";"Calcinha Fio Renda Borboleta";"Acessórios Adultos";"24";"19";"";"sim";"sim";"sim";"calcinha-fio-renda-borboleta"
"3104000004575";"CALCINHA FIO RENDA FRASE";"Calcinha Fio Renda Frase";"Acessórios Adultos";"24";"48";"";"sim";"sim";"sim";"calcinha-fio-renda-frase"
"3104000004574";"CALCINHA FIO CORAÇÃO RENDA";"Calcinha Fio Coração Renda";"Acessórios Adultos";"24";"12";"";"sim";"sim";"sim";"calcinha-fio-coracao-renda"
"3104000004573";"CALCINHA FIO STRASS COM REGULAGEM";"Calcinha Fio Strass com Regulagem";"Acessórios Adultos";"24";"75";"";"sim";"sim";"sim";"calcinha-fio-strass-com-regulagem"
"3104000004572";"CALCINHA FIO LOVE DUPLO FORRADA";"Calcinha Fio Love Duplo Forrada";"Acessórios Adultos";"24";"20";"";"sim";"sim";"sim";"calcinha-fio-love-duplo-forrada"
"3104000004571";"CALCINHA FIO TAILANDESA REGULÁVEL";"Calcinha Fio Tailandesa Regulável";"Acessórios Adultos";"24";"37";"";"sim";"sim";"sim";"calcinha-fio-tailandesa-regulavel"
"3104000004570";"CALCINHA CALVIN FIO RENDA";"Calcinha Calvin Fio Renda";"Acessórios Adultos";"24";"11";"";"sim";"sim";"sim";"calcinha-calvin-fio-renda"
"3104000004569";"CALCINHA FIO FRASE";"Calcinha Fio Frase";"Acessórios Adultos";"12";"9";"";"sim";"sim";"sim";"calcinha-fio-frase"
"3104000004453";"BODY RENDADO + PERSEX SEXY";"Body Rendado + Persex Sexy";"Jogos Adultos";"27";"10";"";"sim";"sim";"sim";"body-rendado-persex-sexy"
"3104000004452";"CONJUNTO SEXY";"Conjunto Sexy";"Acessórios Adultos";"24";"15";"";"sim";"sim";"sim";"conjunto-sexy"
"3104000004450";"MASCARA TIAZINHA SEXY";"Mascara Tiazinha Sexy";"Acessórios Adultos";"12";"6";"";"sim";"sim";"sim";"mascara-tiazinha-sexy"
"3104000004449";"ALGEMA DE COURO MACIO";"Algema de Couro Macio";"Acessórios Adultos";"17";"6";"";"sim";"sim";"sim";"algema-de-couro-macio"
"3104000004448";"CINTA COURO PARA PRÓTESE SEXY";"Cinta Couro Para Prótese Sexy";"Próteses Adultas";"24";"5";"";"sim";"sim";"sim";"cinta-couro-para-protese-sexy"
"3104000004447";"CINTO DE CASTIDADE SEXY";"Cinto de Castidade Sexy";"Acessórios Adultos";"17";"5";"";"sim";"sim";"sim";"cinto-de-castidade-sexy"
"3104000004445";"FIO DENTAL GABI PIMENTA SEXY";"Fio Dental Gabi Pimenta Sexy";"Acessórios Adultos";"12";"10";"";"sim";"sim";"sim";"fio-dental-gabi-pimenta-sexy"
"3104000004444";"VIBRADOR MAGIC ROSE 2 SEXY";"Vibrador Magic Rose 2 Sexy";"Vibradores e Estimuladores";"36";"1";"";"sim";"sim";"sim";"vibrador-magic-rose-2-sexy"
"3104000004443";"FIO DENTAL LAP DANCE SEXY";"Fio Dental Lap Dance Sexy";"Acessórios Adultos";"24";"12";"";"sim";"sim";"sim";"fio-dental-lap-dance-sexy"
"3104000004402";"TAPA MAMILO PREMIUM SEXY";"Tapa Mamilo Premium Sexy";"Acessórios Adultos";"24";"4";"tapa-mamilo-premium-sexy-3104000004402.jpg";"sim";"sim";"sim";"tapa-mamilo-premium-sexy"
"3104000004399";"PERFUME INTIMO SEXY";"Perfume Íntimo Sexy";"Acessórios Adultos";"12";"3";"";"sim";"sim";"sim";"perfume-intimo-sexy"
"3104000004398";"CREME EXCITANTE FEMME 4G";"Creme Excitante Femme 4g";"Géis & Cremes";"6";"3";"";"sim";"sim";"sim";"creme-excitante-femme-4g"
"3104000004397";"PAPERMINT LÂMINAS REFRESCANTES SEXY";"Papermint Lâminas Refrescantes Sexy";"Acessórios Adultos";"6";"2";"";"sim";"sim";"sim";"papermint-laminas-refrescantes-sexy"
"3104000004396";"GUMMY DO AMOR SEXY";"Gummy do Amor Sexy";"Acessórios Adultos";"12";"2";"";"sim";"sim";"sim";"gummy-do-amor-sexy"
"3104000004394";"CREME MASCULINO SEXY";"Creme Masculino Sexy";"Acessórios Adultos";"12";"9";"";"sim";"sim";"sim";"creme-masculino-sexy"
"3104000004392";"TESAO DE VACA 10ML SEX";"Tesao De Vaca 10ml Sex";"Balas Líquidas";"12";"51";"";"sim";"sim";"sim";"tesao-de-vaca-10ml-sex"
"3104000004391";"JOGO DUELO DO PRAZER SEXY";"Jogo Duelo do Prazer Sexy";"Jogos Adultos";"12";"35";"jogo-duelo-do-prazer-sexy-3104000004391.jpg";"sim";"sim";"sim";"jogo-duelo-do-prazer-sexy"
"3104000004390";"DURAMAIS GEL MASCULINO";"Duramais Gel Masculino";"Géis e Cuidados";"17";"7";"";"sim";"sim";"sim";"duramais-gel-masculino"
"3104000004389";"GEL MASSAGEM 100DOR SEXY";"Gel Massagem 100dor Sexy";"Géis e Cuidados";"17";"20";"";"sim";"sim";"sim";"gel-massagem-100dor-sexy"
"3104000004386";"LENÇO UMEDECIDO INTIMO";"Lenço Umedecido Íntimo";"Acessórios Adultos";"17";"9";"lenco-umedecido-intimo-3104000004386.jpg";"sim";"sim";"sim";"lenco-umedecido-intimo"
"3104000004380";"SEXY DRINK";"Sexy Drink";"Acessórios Adultos";"6";"8";"";"sim";"sim";"sim";"sexy-drink"
"3104000004313";"DESODORANTE ÍNTIMO MORANGO";"Desodorante Íntimo Morango";"Desodorantes Íntimos";"17";"14";"desodorante-intimo-morango.png";"sim";"sim";"sim";"desodorante-intimo-morango"
"3104000004311";"DESODORANTE ÍNTIMO TUTTI-FRUIT";"Desodorante Íntimo Tutti-fruit";"Desodorantes Íntimos";"17";"18";"desodorante-intimo-tutti-frutti.png";"sim";"sim";"sim";"desodorante-intimo-tutti-fruit"
"3104000004310";"DESODORANTE ÍNTIMO DOCE PAIXÃO";"Desodorante Íntimo Doce Paixão";"Desodorantes Íntimos";"17";"20";"desodorante-intimo-doce-paixao.png";"sim";"sim";"sim";"desodorante-intimo-doce-paixao"
"3104000003967";"GARGANTA PROFUNDA SEX ON THE BEACH";"Garganta Profunda Sex On The Beach";"Balas Líquidas";"17";"6";"";"sim";"sim";"sim";"garganta-profunda-sex-on-the-beach"
"3104000003966";"GEL EXCITNTE SEDENTA 18G SEXY";"Gel Excitnte Sedenta 18g Sexy";"Géis e Cuidados";"12";"2";"";"sim";"sim";"sim";"gel-excitnte-sedenta-18g-sexy"
"3104000003965";"GEL FAISCA NA XAVASCA SEXY";"Gel Faisca Na Xavasca Sexy";"Géis e Cuidados";"12";"2";"";"sim";"sim";"sim";"gel-faisca-na-xavasca-sexy"
"3104000003963";"GEL ANEST INDOLOR 15G SEXY";"Gel Anest Indolor 15g Sexy";"Géis e Cuidados";"17";"3";"";"sim";"sim";"sim";"gel-anest-indolor-15g-sexy"
"3104000003961";"SUGADOR CLITORIS SEXY";"Sugador Clitoris Sexy";"Vibradores e Estimuladores";"36";"2";"";"sim";"sim";"sim";"sugador-clitoris-sexy"
"3104000003960";"GEL NAPEPEX SEXY";"Gel Napepex Sexy";"Géis e Cuidados";"12";"4";"";"sim";"sim";"sim";"gel-napepex-sexy"
"3104000003959";"AROMATIZANTE BUCAL BEIJO SEXY";"Aromatizante Bucal Beijo Sexy";"Acessórios Adultos";"17";"20";"";"sim";"sim";"sim";"aromatizante-bucal-beijo-sexy"
"3104000003958";"MEL ARABE PRAZER 10G SEXY";"Mel Arabe Prazer 10g Sexy";"Acessórios Adultos";"17";"2";"";"sim";"sim";"sim";"mel-arabe-prazer-10g-sexy"
"3104000003956";"VIRGINITE 15ML SEXY";"Virginite 15ml Sexy";"Acessórios Adultos";"12";"4";"";"sim";"sim";"sim";"virginite-15ml-sexy"
"3104000003846";"PERFUMEZIN SEXY";"Perfumezin Sexy";"Acessórios Adultos";"17";"6";"";"sim";"sim";"sim";"perfumezin-sexy"
"3104000003811";"LENÇO HIGIENIZADOR ÍNTIMO";"Lenço Higienizador Íntimo";"Acessórios Adultos";"6";"1";"";"sim";"sim";"sim";"lenco-higienizador-intimo"
"3104000003541";"MINI BULLET DUPLO VIBRADOR";"Mini Bullet Duplo Vibrador";"Vibradores e Estimuladores";"24";"47";"";"sim";"sim";"sim";"mini-bullet-duplo-vibrador"
"3104000003540";"VIBRADOR GOLFINHO SEXY";"Vibrador Golfinho Sexy";"Vibradores e Estimuladores";"12";"4";"";"sim";"sim";"sim";"vibrador-golfinho-sexy"
"3104000003417";"GEL CORPORAL 60 ML SEX";"Gel Corporal 60 ml Sex";"Géis e Cuidados";"12";"3";"";"sim";"sim";"sim";"gel-corporal-60-ml-sex"
"3104000003416";"LUBRIFICANTE INTIMO 60ML SEXY";"Lubrificante Íntimo 60ml Sexy";"Géis e Cuidados";"24";"10";"";"sim";"sim";"sim";"lubrificante-intimo-60ml-sexy"
"3104000003415";"GEL CORPORAL 15ML SEX";"Gel Corporal 15ml Sex";"Géis e Cuidados";"12";"7";"";"sim";"sim";"sim";"gel-corporal-15ml-sex"
"3104000003414";"GEL BEIJAVEL 15ML SEX";"Gel Beijavel 15ml Sex";"Géis e Cuidados";"12";"4";"";"sim";"sim";"sim";"gel-beijavel-15ml-sex"
"3104000003409";"GEL QY P/MASSAGEM CORPORAL SEX";"Gel QY P/massagem Corporal Sex";"Géis e Cuidados";"12";"5";"";"sim";"sim";"sim";"gel-qy-p-massagem-corporal-sex"
"3104000003408";"TESAO DE EGUA 10ML SEX";"Tesao De Egua 10ml Sex";"Balas Líquidas";"12";"9";"";"sim";"sim";"sim";"tesao-de-egua-10ml-sex"
"3104000003407";"TESAO DE JEGUE 10ML SEX";"Tesao De Jegue 10ml Sex";"Balas Líquidas";"12";"3";"";"sim";"sim";"sim";"tesao-de-jegue-10ml-sex"
"3104000003406";"TESAO DE VACA 20ML SEX";"Tesao De Vaca 20ml Sex";"Balas Líquidas";"17";"4";"";"sim";"sim";"sim";"tesao-de-vaca-20ml-sex"
"3104000003404";"TESAO DE TOURO 10ML SEX";"Tesao De Touro 10ml Sex";"Balas Líquidas";"12";"46";"";"sim";"sim";"sim";"tesao-de-touro-10ml-sex"
"3104000003403";"PAU DE CAVALO GEL 40ML SEXY";"Pau de Cavalo Gel 40ml Sexy";"Géis e Cuidados";"12";"15";"";"sim";"sim";"sim";"pau-de-cavalo-gel-40ml-sexy"
"3104000003361";"FANTASIA ADULTO VAMPIRO";"Fantasia Adulto Vampiro";"Acessórios Adultos";"72";"12";"";"sim";"sim";"sim";"fantasia-adulto-vampiro"
"3104000003230";"SAIA FITINHAS ADULTO";"Saia Fitinhas Adulto";"Acessórios Adultos";"24";"119";"";"sim";"sim";"sim";"saia-fitinhas-adulto"
"3104000003211";"CHINELO ADULTO";"Chinelo Adulto";"Acessórios Adultos";"12";"259";"";"sim";"sim";"sim";"chinelo-adulto"
"3104000003085";"CALCINHA + SUTIA RENDA PREMIUM";"Calcinha + Sutia Renda Premium";"Acessórios Adultos";"36";"49";"";"sim";"sim";"sim";"calcinha-sutia-renda-premium"
"3104000003084";"CONJUNTO SEXY";"Conjunto Sexy";"Acessórios Adultos";"24";"7";"";"sim";"sim";"sim";"conjunto-sexy"
"3104000003082";"MACAQUINHO SEXY";"Macaquinho Sexy";"Acessórios Adultos";"24";"4";"";"sim";"sim";"sim";"macaquinho-sexy"
"3104000003081";"MEL HONEY SEXY";"Mel Honey Sexy";"Acessórios Adultos";"12";"10";"";"sim";"sim";"sim";"mel-honey-sexy"
"3104000003005";"GEL DESSENSIBILIZANTE";"Gel Dessensibilizante";"Géis e Cuidados";"12";"2";"";"sim";"sim";"sim";"gel-dessensibilizante"
"3104000002933";"GUARDA CHUVA ADULTO GRANDE";"Guarda Chuva Adulto Grande";"Acessórios Adultos";"36";"30";"";"sim";"sim";"sim";"guarda-chuva-adulto-grande"
"3104000002780";"OLEO CORPORAL  SEXY";"Oleo Corporal Sexy";"Acessórios Adultos";"12";"7";"";"sim";"sim";"sim";"oleo-corporal-sexy"
"3104000002771";"ALGEMA  DE METAL VELUDO SEXY";"Algema de Metal Veludo Sexy";"Acessórios Adultos";"17";"28";"";"sim";"sim";"sim";"algema-de-metal-veludo-sexy"
"3104000002276";"PROTESE METAL SEXY";"Prótese Metal Sexy";"Próteses Adultas";"27";"4";"";"sim";"sim";"sim";"protese-metal-sexy"
"3104000002222";"VIBRADOR GOLFINHO PREMIUM SEXY";"Vibrador Golfinho Premium Sexy";"Vibradores e Estimuladores";"27";"2";"";"sim";"sim";"sim";"vibrador-golfinho-premium-sexy"
"3104000002221";"MINI BULLET VIBRADOR";"Mini Bullet Vibrador";"Vibradores e Estimuladores";"27";"2";"";"sim";"sim";"sim";"mini-bullet-vibrador"
"3104000002209";"PROTESE SILICONE SEXY";"Prótese Silicone Sexy";"Próteses Adultas";"27";"15";"";"sim";"sim";"sim";"protese-silicone-sexy"
"3104000002208";"GEL KU LOKO SEXY";"Gel Ku Loko Sexy";"Géis e Cuidados";"17";"16";"";"sim";"sim";"sim";"gel-ku-loko-sexy"
"3104000001795";"VIBRADO SEXY PROMOÇAO";"Vibrado Sexy Promoçao";"Acessórios Adultos";"17";"1";"";"sim";"sim";"sim";"vibrado-sexy-promocao"
"3104000001754";"PLUG M GOLD";"Plug M Gold";"Plugs e Acessórios";"36";"16";"";"sim";"sim";"sim";"plug-m-gold"
"3104000001688";"TAPA MAMILO SEXY";"Tapa Mamilo Sexy";"Acessórios Adultos";"12";"21";"tapa-mamilo-sexy-3104000001688.jpg";"sim";"sim";"sim";"tapa-mamilo-sexy"
"3104000001687";"CAPSULA ESTIMULANTE SEXY";"Capsula Estimulante Sexy";"Acessórios Adultos";"12";"1";"";"sim";"sim";"sim";"capsula-estimulante-sexy"
"3104000001685";"BARALHO SUPER EROTICO SEXY";"Baralho Super Erotico Sexy";"Jogos Adultos";"17";"3";"";"sim";"sim";"sim";"baralho-super-erotico-sexy"
"3104000001684";"MEL HONEY SEXY";"Mel Honey Sexy";"Acessórios Adultos";"17";"20";"";"sim";"sim";"sim";"mel-honey-sexy"
"3104000001682";"ROLETA SEXY";"Roleta Sexy";"Acessórios Adultos";"24";"10";"roleta-sexy-3104000001682.jpg";"sim";"sim";"sim";"roleta-sexy"
"3104000001681";"VIBRADOR MULVELOCIDADE SEXY";"Vibrador Mulvelocidade Sexy";"Vibradores e Estimuladores";"36";"2";"";"sim";"sim";"sim";"vibrador-mulvelocidade-sexy"
"3104000001680";"FUNIL SEXY";"Funil Sexy";"Acessórios Adultos";"12";"9";"";"sim";"sim";"sim";"funil-sexy"
"3104000001679";"ESTIMULANTE DE CLITORIS SEXY";"Estimulante de Clitoris Sexy";"Acessórios Adultos";"36";"15";"";"sim";"sim";"sim";"estimulante-de-clitoris-sexy"
"3104000001675";"ESTIMULANTE PREMIUM SEXY";"Estimulante Premium Sexy";"Acessórios Adultos";"17";"1";"";"sim";"sim";"sim";"estimulante-premium-sexy"
"3104000001674";"BODY SEXY";"Body Sexy";"Acessórios Adultos";"27";"6";"";"sim";"sim";"sim";"body-sexy"
"3104000001673";"GRAMPO P/SEIOS SEXY";"Grampo P/seios Sexy";"Acessórios Adultos";"12";"2";"";"sim";"sim";"sim";"grampo-p-seios-sexy"
"3104000001671";"JOGO DE SEDUCÃO SEXY";"Jogo de Seducão Sexy";"Jogos Adultos";"36";"10";"jogo-de-seducao-sexy-3104000001671.jpg";"sim";"sim";"sim";"jogo-de-seducao-sexy"
"3104000001627";"SAIA TULE ADULTO";"Saia Tule Adulto";"Acessórios Adultos";"24";"233";"";"sim";"sim";"sim";"saia-tule-adulto"
"3104000001603";"DESODORANTE INTIMO BABASOUL";"Desodorante Íntimo Babasoul";"Desodorantes Íntimos";"24";"4";"";"sim";"sim";"sim";"desodorante-intimo-babasoul"
"3104000001499";"PLUG METAL PREMIUM SEXY";"Plug Metal Premium Sexy";"Plugs e Acessórios";"48";"46";"plug-metal-premium-sexy-3104000001499.jpg";"sim";"sim";"sim";"plug-metal-premium-sexy"
"3104000001497";"GEL P/ MASSAGEM CORPORAL SEX";"Gel P/ Massagem Corporal Sex";"Géis e Cuidados";"12";"135";"";"sim";"sim";"sim";"gel-p-massagem-corporal-sex"
"3104000001480";"LUBRIFICANTE INTIMO PREMIUM SEXY";"Lubrificante Íntimo Premium Sexy";"Géis e Cuidados";"17";"62";"";"sim";"sim";"sim";"lubrificante-intimo-premium-sexy"
"3104000001421";"RASPADINHA SEXY";"Raspadinha Sexy";"Acessórios Adultos";"4";"9";"";"sim";"sim";"sim";"raspadinha-sexy"
"3104000001420";"MINI BOLINHA SEXY";"Mini Bolinha Sexy";"Acessórios Adultos";"6";"1";"";"sim";"sim";"sim";"mini-bolinha-sexy"
"3104000001189";"PIJAMA MACAQUINHO  ADULTO";"Pijama Macaquinho Adulto";"Acessórios Adultos";"24";"24";"";"sim";"sim";"sim";"pijama-macaquinho-adulto"
"3104000001161";"CALCINHA + SUTIA RENDA C/BOJO";"Calcinha + Sutia Renda C/bojo";"Acessórios Adultos";"27";"1";"";"sim";"sim";"sim";"calcinha-sutia-renda-c-bojo"
"3104000001152";"MEIA ANTI DERRAPANTE ADULTO";"Meia Anti Derrapante Adulto";"Acessórios Adultos";"12";"36";"";"sim";"sim";"sim";"meia-anti-derrapante-adulto"
"3104000001098";"GEL MASSAGEADOR FORTGEL";"Gel Massageador Fortgel";"Géis e Cuidados";"12";"1";"";"sim";"sim";"sim";"gel-massageador-fortgel"
"3104000001097";"GEL MASSAGEADOR PIMENTA NEGRA";"Gel Massageador Pimenta Negra";"Géis e Cuidados";"17";"4";"";"sim";"sim";"sim";"gel-massageador-pimenta-negra"
"3104000000963";"VISEIRA ADULTO";"Viseira Adulto";"Acessórios Adultos";"12";"79";"";"sim";"sim";"sim";"viseira-adulto"
"3104000000954";"GUARDA CHUVA ADULTO";"Guarda Chuva Adulto";"Acessórios Adultos";"24";"8";"";"sim";"sim";"sim";"guarda-chuva-adulto"
"3104000000928";"VARAL P/ROUPA INTIMA";"Varal P/roupa Íntima";"Acessórios Adultos";"17";"17";"";"sim";"sim";"sim";"varal-p-roupa-intima"
"3104000000908";"BOLINHA TAILANDESA PREMIUM SEXY";"Bolinha Tailandesa Premium Sexy";"Acessórios Adultos";"24";"8";"";"sim";"sim";"sim";"bolinha-tailandesa-premium-sexy"
"3104000000899";"VISEIRA ADULTO PREMIUM";"Viseira Adulto Premium";"Acessórios Adultos";"24";"228";"";"sim";"sim";"sim";"viseira-adulto-premium"
"3104000000822";"VIBRADOR GOLD SEXY";"Vibrador Gold Sexy";"Vibradores e Estimuladores";"27";"45";"";"sim";"sim";"sim";"vibrador-gold-sexy"
"3104000000821";"VIBRADOR PREMIUM SEXY";"Vibrador Premium Sexy";"Vibradores e Estimuladores";"24";"1";"";"sim";"sim";"sim";"vibrador-premium-sexy"
"3104000000820";"PROTESE GOLD SEXY";"Prótese Gold Sexy";"Próteses Adultas";"48";"12";"";"sim";"sim";"sim";"protese-gold-sexy"
"3104000000819";"PROTESE PREMIUM SEXY";"Prótese Premium Sexy";"Próteses Adultas";"36";"2";"";"sim";"sim";"sim";"protese-premium-sexy"
"3104000000817";"BARALHO DRINKS SEXY";"Baralho Drinks Sexy";"Jogos Adultos";"36";"2";"";"sim";"sim";"sim";"baralho-drinks-sexy"
"3104000000816";"ESTIMULANTE SEXY";"Estimulante Sexy";"Acessórios Adultos";"12";"41";"";"sim";"sim";"sim";"estimulante-sexy"
"3104000000815";"JOGO DE DADOS SEXY";"Jogo de Dados Sexy";"Jogos Adultos";"12";"19";"";"sim";"sim";"sim";"jogo-de-dados-sexy"
"3104000000813";"BALA LIQUIDA SEXY";"Bala Liquida Sexy";"Acessórios Adultos";"12";"16";"";"sim";"sim";"sim";"bala-liquida-sexy"
"3104000000809";"VIBRADOR SEXY";"Vibrador Sexy";"Vibradores e Estimuladores";"12";"42";"";"sim";"sim";"sim";"vibrador-sexy"
"3104000000805";"PLUG SILICONE SEXY";"Plug Silicone Sexy";"Plugs e Acessórios";"24";"5";"";"sim";"sim";"sim";"plug-silicone-sexy"
"3104000000804";"PLUG METAL SEXY";"Plug Metal Sexy";"Plugs e Acessórios";"24";"12";"plug-metal-sexy-3104000000804.jpg";"sim";"sim";"sim";"plug-metal-sexy"
"3104000000801";"MASTURBADOR EGG LARANJA SEXY";"Masturbador Egg Laranja Sexy";"Vibradores e Estimuladores";"12";"13";"egg-twister.png";"sim";"sim";"sim";"masturbador-egg-laranja-sexy"
"3104000000799";"ENERGETICO PREMIUM SEXY";"Energetico Premium Sexy";"Acessórios Adultos";"17";"20";"";"sim";"sim";"sim";"energetico-premium-sexy"
"3104000000797";"CALCINHA SEXY";"Calcinha Sexy";"Acessórios Adultos";"24";"176";"";"sim";"sim";"sim";"calcinha-sexy"
"3104000000796";"BOLINHA TAILANDESA SEXY";"Bolinha Tailandesa Sexy";"Acessórios Adultos";"17";"7";"";"sim";"sim";"sim";"bolinha-tailandesa-sexy"
"3104000000795";"BOLINHA SEXY";"Bolinha Sexy";"Acessórios Adultos";"12";"56";"";"sim";"sim";"sim";"bolinha-sexy"
"3104000000794";"BARALHO PREMIUM SEXY";"Baralho Premium Sexy";"Jogos Adultos";"36";"1";"";"sim";"sim";"sim";"baralho-premium-sexy"
"3104000000793";"BARALHO KAMA SUTRA SEXY";"Baralho Kama Sutra Sexy";"Jogos Adultos";"24";"1";"";"sim";"sim";"sim";"baralho-kama-sutra-sexy"
"3104000000791";"ANEL PENIANO SEXY";"Anel Peniano Sexy";"Acessórios Adultos";"12";"44";"";"sim";"sim";"sim";"anel-peniano-sexy"
"3104000000790";"ALGEMA  DE METAL SEXY";"Algema de Metal Sexy";"Acessórios Adultos";"12";"25";"";"sim";"sim";"sim";"algema-de-metal-sexy"
"3104000000789";"LUBRIFICANTE INTIMO SEXY";"Lubrificante Íntimo Sexy";"Géis e Cuidados";"12";"53";"";"sim";"sim";"sim";"lubrificante-intimo-sexy"
"3104000000788";"GEL COMESTIVEL SEXY";"Gel Comestivel Sexy";"Géis e Cuidados";"12";"17";"";"sim";"sim";"sim";"gel-comestivel-sexy"
"3104000000787";"GEL ANESTESICO SEXY";"Gel Anestesico Sexy";"Géis e Cuidados";"12";"21";"";"sim";"sim";"sim";"gel-anestesico-sexy"
"3104000000627";"UMIDIFICADOR EGG";"Umidificador Egg";"Masturbadores";"24";"53";"";"sim";"sim";"sim";"umidificador-egg"
"3104000000592";"PIJAMA CURTO ADULTO";"Pijama Curto Adulto";"Acessórios Adultos";"24";"481";"";"sim";"sim";"sim";"pijama-curto-adulto"
"3104000000590";"PIJAMA ADULTO COMPLETO";"Pijama Adulto Completo";"Acessórios Adultos";"36";"13";"";"sim";"sim";"sim";"pijama-adulto-completo"
"3104000000583";"CALCINHA + PERNEIRA";"Calcinha + Perneira";"Acessórios Adultos";"24";"14";"";"sim";"sim";"sim";"calcinha-perneira"
"3104000000582";"CALCINHA DE RENDA";"Calcinha de Renda";"Acessórios Adultos";"12";"10";"";"sim";"sim";"sim";"calcinha-de-renda"
"3104000000492";"LAÇO ADULTO";"Laço Adulto";"Acessórios Adultos";"12";"119";"";"sim";"sim";"sim";"laco-adulto"
"3104000000479";"ESCOVA DE DENTE ADULTO";"Escova de Dente Adulto";"Acessórios Adultos";"6";"12";"";"sim";"sim";"sim";"escova-de-dente-adulto"
"3104000000423";"CHINELO ADULTO PREMIUM";"Chinelo Adulto Premium";"Acessórios Adultos";"24";"22";"";"sim";"sim";"sim";"chinelo-adulto-premium"
"3104000000415";"CALCINHA";"Calcinha";"Acessórios Adultos";"12";"492";"";"sim";"sim";"sim";"calcinha"
"3104000000412";"CUECA ADULTO";"Cueca Adulto";"Acessórios Adultos";"12";"20";"";"sim";"sim";"sim";"cueca-adulto"
"3104000000393";"MEIA ARRASTAO ADULTO";"Meia Arrastão Adulto";"Acessórios Adultos";"24";"155";"";"sim";"sim";"sim";"meia-arrastao-adulto"
"3104000000391";"MEIA FIO 15 ADULTO";"Meia Fio 15 Adulto";"Acessórios Adultos";"24";"15";"";"sim";"sim";"sim";"meia-fio-15-adulto"
"3104000000390";"TURBANTE ADULTO";"Turbante Adulto";"Acessórios Adultos";"12";"8";"";"sim";"sim";"sim";"turbante-adulto"
"3104000000385";"MEIA PELUCIADA ADULTO";"Meia Peluciada Adulto";"Acessórios Adultos";"24";"11";"";"sim";"sim";"sim";"meia-peluciada-adulto"
"3104000000383";"PANTUFA ADULTO";"Pantufa Adulto";"Acessórios Adultos";"24";"30";"";"sim";"sim";"sim";"pantufa-adulto"
"3104000000321";"SABONETE INTIMO";"Sabonete Íntimo";"Acessórios Adultos";"12";"32";"";"sim";"sim";"sim";"sabonete-intimo"
"3104000000080";"KIT TAPA MAMILO DESCARTAVEL";"Kit Tapa Mamilo Descartavel";"Acessórios Adultos";"12";"134";"kit-tapa-mamilo-descartavel-3104000000080.jpg";"sim";"sim";"sim";"kit-tapa-mamilo-descartavel"
