nome,sku,blingId,arquivo_imagem,fonte,status_imagem
"MEIA INFANTIL STITCH ANGEL 3D","3104000005895","16672665471","","SEM_IMAGEM","OCULTO"
"MEIA INFANTIL URSINHO","3104000005882","16672620173","","SEM_IMAGEM","OCULTO"
"URSINHO DECORATIVO","3104000005748","16671385333","","SEM_IMAGEM","OCULTO"
"PLUG SILICONE C/ TEXTURA LILÁS","3104000005028","16669057244","","SEM_IMAGEM","OCULTO"
"PLUG SILICONE C/ TEXTURA","","16669056962","","SEM_IMAGEM","OCULTO"
"PLUG SILICONE SEXY COBRINHA VERMELHO","3104000005027","16669055624","","SEM_IMAGEM","OCULTO"
"PLUG SILICONE SEXY ANCORA ROSA","3104000005026","16669055623","","SEM_IMAGEM","OCULTO"
"PLUG SILICONE SEXY","","16669053885","","SEM_IMAGEM","OCULTO"
"PLUG GG CORAÇÃO AZUL","3104000005024","16669049463","","SEM_IMAGEM","OCULTO"
"PLUG GG CORAÇÃO ROSA","3104000005022","16669049455","","SEM_IMAGEM","OCULTO"
"PLUG GG CORAÇÃO ROXO","3104000005021","16669049451","","SEM_IMAGEM","OCULTO"
"PLUG GG","","16669047126","","SEM_IMAGEM","OCULTO"
"PLUG G CORACAO FRUTA COR","3104000005020","16669038307","","SEM_IMAGEM","OCULTO"
"PLUG G CORACAO PRETO","3104000005019","16669038302","","SEM_IMAGEM","OCULTO"
"PLUG G CORACAO ROXO","3104000005018","16669038297","","SEM_IMAGEM","OCULTO"
"PLUG G CORACAO ROSA","3104000005017","16669038292","","SEM_IMAGEM","OCULTO"
"PLUG G REDONDO FRUTA COR","3104000005016","16669038288","","SEM_IMAGEM","OCULTO"
"PLUG G REDONDO LILAS","3104000005015","16669038285","","SEM_IMAGEM","OCULTO"
"PLUG G REDONDO PINK","3104000005014","16669038280","","SEM_IMAGEM","OCULTO"
"PLUG G REDONDO ROSA","3104000005013","16669038277","","SEM_IMAGEM","OCULTO"
"PLUG G REDONDO CRISTAL","3104000005012","16669038271","","SEM_IMAGEM","OCULTO"
"PLUG G REDONDO VERMELHO","3104000005011","16669038266","","SEM_IMAGEM","OCULTO"
"PLUG G","","16669034321","","SEM_IMAGEM","OCULTO"
"PLUG M CORACAO AZUL CLARO","3104000005010","16669030338","","SEM_IMAGEM","OCULTO"
"PLUG M CORACAO AZUL ESCURO","3104000005009","16669030337","","SEM_IMAGEM","OCULTO"
"PLUG M CORACAO ROXO","3104000005008","16669030335","","SEM_IMAGEM","OCULTO"
"PLUG M CORACAO ROSA","3104000005007","16669030334","","SEM_IMAGEM","OCULTO"
"PLUG M CORACAO CRISTAL","3104000005006","16669030333","","SEM_IMAGEM","OCULTO"
"PLUG M","","16669028718","","SEM_IMAGEM","OCULTO"
"PLUG P REDONDO LILAS","3104000005005","16668889146","","SEM_IMAGEM","OCULTO"
"PLUG P REDONDO ROXO","3104000005004","16668889141","","SEM_IMAGEM","OCULTO"
"PLUG P REDONDO FRUTA COR","3104000005003","16668889138","","SEM_IMAGEM","OCULTO"
"PLUG P REDONDO ROSA","3104000005002","16668889136","","SEM_IMAGEM","OCULTO"
"PLUG P REDONDO PINK","3104000005001","16668889134","","SEM_IMAGEM","OCULTO"
"PLUG P REDONDO CRISTAL","3104000005000","16668889129","","SEM_IMAGEM","OCULTO"
"PLUG P","","16668885448","","SEM_IMAGEM","OCULTO"
"BARALHO KAMASUTRA","3104000004952","16668697574","","SEM_IMAGEM","OCULTO"
"ROLETA KAMASUTRA","3104000004948","16668684001","","SEM_IMAGEM","OCULTO"
"VIBRADOR PREMIUM 17 - ROXO","3104000004923","16668048737","","SEM_IMAGEM","OCULTO"
"VIBRADOR PREMIUM 16 - ROSA","3104000004922","16668048736","","SEM_IMAGEM","OCULTO"
"VIBRADOR PREMIUM 15 - ROSA","3104000004921","16668048734","","SEM_IMAGEM","OCULTO"
"VIBRADOR PREMIUM 14 - ROXO","3104000004920","16668048732","","SEM_IMAGEM","OCULTO"
"VIBRADOR PREMIUM 13 - ROXO","3104000004919","16668048731","","SEM_IMAGEM","OCULTO"
"VIBRADOR PREMIUM 12 - ROSA","3104000004918","16668048729","","SEM_IMAGEM","OCULTO"
"VIBRADOR PREMIUM 11 - ROXO","3104000004917","16668048728","","SEM_IMAGEM","OCULTO"
"VIBRADOR PREMIUM 10- ROSA","3104000004916","16668048726","","SEM_IMAGEM","OCULTO"
"VIBRADOR PREMIUM 9 - ROXO","3104000004931","16668048725","","SEM_IMAGEM","OCULTO"
"VIBRADOR PREMIUM 8- ROSA","3104000004930","16668048722","","SEM_IMAGEM","OCULTO"
"VIBRADOR PREMIUM 7 - ROXO","3104000004929","16668048719","","SEM_IMAGEM","OCULTO"
"VIBRADOR PREMIUM 6 - VERMELHO","3104000004928","16668048718","","SEM_IMAGEM","OCULTO"
"VIBRADOR PREMIUM 5 - ROXO","3104000004927","16668048716","","SEM_IMAGEM","OCULTO"
"VIBRADOR PREMIUM 4- ROSA","3104000004926","16668048715","","SEM_IMAGEM","OCULTO"
"VIBRADOR PREMIUM 3- ROSA","3104000004925","16668048714","","SEM_IMAGEM","OCULTO"
"VIBRADOR PREMIUM 2- ROSA","3104000004924","16668048712","","SEM_IMAGEM","OCULTO"
"VIBRADOR PREMIUM 1 - ROSA","3104000004915","16668048710","","SEM_IMAGEM","OCULTO"
"VIBRADOR PREMIUM","","16668030377","","SEM_IMAGEM","OCULTO"
"GEL PORRA LOKA SEXY","3104000004908","16668005745","","SEM_IMAGEM","OCULTO"
"FACILITADOR DE ORGASMO UNISSEX 5G","3104000004906","16668003183","","SEM_IMAGEM","OCULTO"
"PALETA DE SOMBRAS - URSINHO YOYO","3104000004885","16667731076","","SEM_IMAGEM","OCULTO"
"BALA GEL 8ML LEITE CONDENSADO","3104000004874","16667213698","","SEM_IMAGEM","OCULTO"
"BALA GEL 8ML COCA-COLA","3104000004873","16667213696","","SEM_IMAGEM","OCULTO"
"BALA GEL 8ML","","16667213252","","SEM_IMAGEM","OCULTO"
"CANETA COMESTIVEL SEXY CREME CONDENSADO","3104000004872","16667199102","","SEM_IMAGEM","OCULTO"
"FÁCIL LUB CHOCOLATE","3104000004846","16667142897","","SEM_IMAGEM","OCULTO"
"FÁCIL LUB","","16667142077","","SEM_IMAGEM","OCULTO"
"LUB K GEL 18G","3104000004844","16667139404","","SEM_IMAGEM","OCULTO"
"GEL ICE CEREJA","3104000004843","16667137820","","SEM_IMAGEM","OCULTO"
"GEL ICE CAPIRINHA","3104000004842","16667137819","","SEM_IMAGEM","OCULTO"
"GEL ICE MENTA","3104000004841","16667137815","","SEM_IMAGEM","OCULTO"
"GEL ICE","","16667136797","","SEM_IMAGEM","OCULTO"
"GEL CARROSEL DOCE DE LEITE","3104000004840","16667134910","","SEM_IMAGEM","OCULTO"
"GEL CARROSEL BEIJINHO","3104000004839","16667134905","","SEM_IMAGEM","OCULTO"
"GEL CARROSEL","","16667133987","","SEM_IMAGEM","OCULTO"
"GEL FOR SEXY LEITE CONDENSADO","3104000004832","16667109943","","SEM_IMAGEM","OCULTO"
"GEL FOR SEXY HOT CARAMELO","3104000004831","16667109939","","SEM_IMAGEM","OCULTO"
"GEL FOR SEXY ICE BLACK","3104000004830","16667109937","","SEM_IMAGEM","OCULTO"
"GEL FOR SEXY","","16667107749","","SEM_IMAGEM","OCULTO"
"GEL HOT MENTA","3104000004829","16667106275","","SEM_IMAGEM","OCULTO"
"GEL SEDENTA POR SENSAÇÃO","3104000004828","16667101666","","SEM_IMAGEM","OCULTO"
"GEL SEDENTA POR CHICLETE","3104000004827","16667101661","","SEM_IMAGEM","OCULTO"
"GEL SEDENTA POR IOGURTE","3104000004826","16667101655","","SEM_IMAGEM","OCULTO"
"GEL SEDENTA","","16667097181","","SEM_IMAGEM","OCULTO"
"GEL MISTERZÃO","3104000004825","16667096390","","SEM_IMAGEM","OCULTO"
"GEL DURATESON","3104000004824","16667094243","","SEM_IMAGEM","OCULTO"
"GEL LAMB PÊSSEGO E CHANTILLY","3104000004823","16667090745","","SEM_IMAGEM","OCULTO"
"GEL LAMB YOGURTE","3104000004822","16667090741","","SEM_IMAGEM","OCULTO"
"GEL LAMB HORTELÃ","3104000004821","16667090739","","SEM_IMAGEM","OCULTO"
"GEL LAMB","","16667088341","","SEM_IMAGEM","OCULTO"
"GEL YUMMY FRAMBOESA","3104000004820","16667066805","","SEM_IMAGEM","OCULTO"
"GEL YUMMY CHICLETE","3104000004819","16667066803","","SEM_IMAGEM","OCULTO"
"GEL YUMMY VINHO TINTO","3104000004818","16667066801","","SEM_IMAGEM","OCULTO"
"GEL YUMMY MORANGO","3104000004817","16667066799","","SEM_IMAGEM","OCULTO"
"GEL YUMMY CAIPIRINHA","3104000004816","16667066796","","SEM_IMAGEM","OCULTO"
"GEL YUMMY ICE MENTA","3104000004815","16667066790","","SEM_IMAGEM","OCULTO"
"GEL YUMMY MENTA","3104000004814","16667066788","","SEM_IMAGEM","OCULTO"
"GEL YUMMY","","16667064752","","SEM_IMAGEM","OCULTO"
"BEIJO FRESH MORANGO C/ CANELA","3104000004812","16667062437","","SEM_IMAGEM","OCULTO"
"BEIJO FRESH UVA","3104000004811","16667062428","","SEM_IMAGEM","OCULTO"
"BEIJO FRESH","3104000004810","16667060383","","SEM_IMAGEM","OCULTO"
"GEL MASSAGEM SEMPRE VIRGEM","3104000004788","16666992748","","SEM_IMAGEM","OCULTO"
"MASTURBADOR CAPSULE SEXY CINZA","3104000004786","16666982555","","SEM_IMAGEM","OCULTO"
"MASTURBADOR CAPSULE SEXY AZUL","3104000004781","16666982552","","SEM_IMAGEM","OCULTO"
"MASTURBADOR CAPSULE SEXY VERDE","3104000004784","16666982551","","SEM_IMAGEM","OCULTO"
"MASTURBADOR CAPSULE SEXY ROSA","3104000004783","16666982550","","SEM_IMAGEM","OCULTO"
"MASTURBADOR CAPSULE SEXY LARANJA","3104000004785","16666982548","","SEM_IMAGEM","OCULTO"
"MASTURBADOR CAPSULE SEXY ROXO","3104000004782","16666982546","","SEM_IMAGEM","OCULTO"
"KGEL LUBRIFICANTE TRADICIONAL","3104000004777","16666904242","","SEM_IMAGEM","OCULTO"
"GEL RAPIDINHA CHICLETE","3104000004776","16666903436","","SEM_IMAGEM","OCULTO"
"LOVE LUB HOT","3104000004775","16666902981","","SEM_IMAGEM","OCULTO"
"LOVE LUB","","16666902539","","SEM_IMAGEM","OCULTO"
"LUBRIFICANTE BABBALOO MENTA","3104000004773","16666565575","","SEM_IMAGEM","OCULTO"
"LUBRIFICANTE BABBALOO MENTA ICE","3104000004772","16666565571","","SEM_IMAGEM","OCULTO"
"LUBRIFICANTE BABBALOO MORANGO","3104000004771","16666565564","","SEM_IMAGEM","OCULTO"
"LUBRIFICANTE BABBALOO MELANCIA","3104000004770","16666565558","","SEM_IMAGEM","OCULTO"
"LUBRIFICANTE BABBALOO TUTTI-FRUIT","3104000004774","16666565555","","SEM_IMAGEM","OCULTO"
"LUBRIFICANTE BABBALOO","","16666564297","","SEM_IMAGEM","OCULTO"
"MINI BULLET DUPLO ROSA PONTA FINA","3104000004760","16666357069","mini-bullet-rosa-ponta-fina.png","ID_OK","VISIVEL"
"MINI BULLET DUPLO VIBRADOR ROSA","3104000004759","16666356242","mini-bullet-duplo-rosa.png","ID_OK","VISIVEL"
"MINI BULLET DUPLO LINGUINHA ROXO","3104000004758","16666355912","mini-bullet-duplo-linguinha-roxo-3104000004758.jpg","ID_OK","VISIVEL"
"MINI BULLET DUPLO SUGADOR ROSA","3104000004757","16666355542","","SEM_IMAGEM","OCULTO"
"VIBRADOR SEXY CONTROLE PRETO","3104000004756","16666351847","vibrador-sexy-controle-preto-3104000004756.jpg","ID_OK","VISIVEL"
"VIBRADOR SEXY CONTROLE ROSA","3104000004755","16666351572","vibrador-sexy-controle-rosa-3104000004755.jpg","ID_OK","VISIVEL"
"VIBRADOR SEXY CONTROLE MARROM","3104000004754","16666351358","vibrador-sexy-controle-marrom-3104000004754.jpg","ID_OK","VISIVEL"
"VIBRADOR SEXY CONTROLE BRANCO","3104000004753","16666351227","vibrador-sexy-controle-branco-3104000004753.jpg","ID_OK","VISIVEL"
"VIBRADOR SEXY CONTROLE VERMELHO","3104000004752","16666350309","vibrador-sexy-controle-vermelho-3104000004752.jpg","ID_OK","VISIVEL"
"VIBRADOR GOLFINHO ROSA","3104000004751","16666349946","vibrador-golfinho-rosa.png","ID_OK","VISIVEL"
"MINI VIBRADOR SEXY","3104000004750","16666345310","mini-vibrador-sexy-3104000004750.jpg","ID_OK","VISIVEL"
"ANEL PENIANO SEXY URSINHO PRETO","3104000004749","16666344865","","SEM_IMAGEM","OCULTO"
"ANEL PENIANO SEXY URSINHO TRANSP.","3104000004748","16666344667","","SEM_IMAGEM","OCULTO"
"ANEL PENIANO SEXY BOLINHA TRANSP.","3104000004747","16666344242","","SEM_IMAGEM","OCULTO"
"ANEL PENIANO SEXY BOLINHA ROSA","3104000004746","16666344004","","SEM_IMAGEM","OCULTO"
"ANEL PENIANO SEXY BOLINHA PRETO","3104000004745","16666343091","","SEM_IMAGEM","OCULTO"
"ANEL PENIANO ROSA DE ORELHA","3104000004742","16666342377","anel-peniano-rosa-de-orelha-3104000004742.jpg","ID_OK","VISIVEL"
"ANEL PENIANO ROXO DE ORELHA","3104000004741","16666342223","anel-peniano-roxo-de-orelha-3104000004741.jpg","ID_OK","VISIVEL"
"ALGEMA PRATA TRADICIONAL","3104000004740","16666340000","algema-prata-tradicional-3104000004740.jpg","ID_OK","VISIVEL"
"ALGEMA PRETA VELUDO","3104000004739","16666339674","algema-preta-veludo-3104000004739.jpg","ID_OK","VISIVEL"
"ALGEMA VERMELHA VELUDO","3104000004738","16666339520","algema-vermelha-veludo-3104000004738.jpg","ID_OK","VISIVEL"
"ALGEMA BRANCA VELUDO","3104000004737","16666339307","algema-branca-veludo-3104000004737.jpg","ID_OK","VISIVEL"
"ALGEMA ROSA VELUDO","3104000004736","16666339092","algema-rosa-veludo-3104000004736.jpg","ID_OK","VISIVEL"
"ALGEMA ONÇA VELUDO","3104000004735","16666338734","algema-onca-veludo-3104000004735.jpg","ID_OK","VISIVEL"
"VIRGINITE GEL","3104000004727","16666189653","virginite-gel.png","ID_OK","VISIVEL"
"AMOXSEX GEL","3104000004726","16666189191","","SEM_IMAGEM","OCULTO"
"GEL CHINÊS SEXY","3104000004725","16666188473","gel-chines-sexy-3104000004725.jpg","ID_OK","VISIVEL"
"DANDO UMA GOSTOSO GEL","3104000004723","16666185629","dando-uma-gostoso-gel.png","ID_OK","VISIVEL"
"COME ANEL GEL","3104000004722","16666182305","","SEM_IMAGEM","OCULTO"
"QY MORANGO GEL","3104000004721","16666181989","","SEM_IMAGEM","OCULTO"
"GEL SENSUAL","3104000004720","16666181502","gel-sensual-3104000004720.jpg","ID_OK","VISIVEL"
"HOT ICE GEL","3104000004719","16666181276","hot-ice-gel-3104000004719.jpg","ID_OK","VISIVEL"
"SEMPRE VIRGEM GEL","3104000004718","16666181025","sempre-virgem-gel.png","ID_OK","VISIVEL"
"MAIS BUMBUM GEL","3104000004717","16666180810","mais-bumbum-gel-3104000004717.jpg","ID_OK","VISIVEL"
"NABUCETÃO GEL","3104000004716","16666180492","nabucetao-gel-3104000004716.jpg","ID_OK","VISIVEL"
"METE FICHA GEL","3104000004715","16666180138","mete-ficha-gel.png","ID_OK","VISIVEL"
"PERERECARD","3104000004714","16665984866","pererecard-gel.png","ID_OK","VISIVEL"
"VAMOS SER FELIZ GEL","3104000004713","16665984372","vamos-ser-feliz-gel.png","ID_OK","VISIVEL"
"FOFATOBA GEL","3104000004712","16665983308","fofatoba-gel.png","ID_OK","VISIVEL"
"PIROCAXONA GEL","3104000004710","16665981290","","SEM_IMAGEM","OCULTO"
"PIROCADURA GEL","3104000004709","16665980303","pirocadura-gel.png","ID_OK","VISIVEL"
"JANUMETE GEL","3104000004708","16665979397","","SEM_IMAGEM","OCULTO"
"BEIJO GREGO GEL","3104000004707","16665978375","beijo-grego-gel.png","ID_OK","VISIVEL"
"ANIS SEX GEL","3104000004706","16665977809","anis-sex-gel.png","ID_OK","VISIVEL"
"METIOULATE GEL","3104000004705","16665975869","metioulate-gel.png","ID_OK","VISIVEL"
"RIVOSEX GEL","3104000004704","16665975199","rivosex-gel.png","ID_OK","VISIVEL"
"KAMA SUTRA GEL","3104000004703","16665973621","kama-sutra-gel.png","ID_OK","VISIVEL"
"GARGANTA PROFUNDA MAÇA VERDE","3104000004702","16665920073","","SEM_IMAGEM","OCULTO"
"GARGANTA PROFUNDA MORANGO COM LICHIA","3104000004701","16665919468","","SEM_IMAGEM","OCULTO"
"LUB-PLUS GEL15ML","3104000004700","16665917438","","SEM_IMAGEM","OCULTO"
"LUB-PLUS GEL 100ML","3104000004699","16665916691","","SEM_IMAGEM","OCULTO"
"K-MED GEL INTIMO","3104000004698","16665874523","k-med-gel-intimo.png","SKU_OK","VISIVEL"
"MASTURBADOR EGG VERDE SEXY","3104000004697","16665846287","masturbador-egg-verde-sexy-3104000004697.jpg","ID_OK","VISIVEL"
"MASTURBADOR EGG BEGE SEXY","3104000004696","16665845000","","SEM_IMAGEM","OCULTO"
"MASTURBADOR EGG ROXO SEXY","3104000004695","16665844281","egg-wavy.png","ID_OK","VISIVEL"
"MASTURBADOR EGG ROSA SEXY","3104000004694","16665843407","egg-stepper.png","ID_OK","VISIVEL"
"CREME ADSTRINGENTE SEXY","3104000004693","16665820670","","SEM_IMAGEM","OCULTO"
"CREME DESSENSIBILIZANTE","3104000004692","16665811415","creme-dessensibilizante-3104000004692.jpg","ID_OK","VISIVEL"
"CREME MULTIFUNÇÕES SEXY","3104000004691","16665810318","creme-multifuncoes-sexy-3104000004691.jpg","ID_OK","VISIVEL"
"CREME FEMININO SEXY","3104000004690","16665809574","creme-feminino-sexy-3104000004690.jpg","ID_OK","VISIVEL"
"CREME FACIAL NOTURNO","3104000004665","16662510546","creme-facial-noturno-3104000004665.jpg","ID_OK","VISIVEL"
"SABONETE ÍNTIMO MORANGO","3104000004664","16662509277","","SEM_IMAGEM","OCULTO"
"CREME PARA OS OLHOS FENZZA","3104000004661","16662346657","","SEM_IMAGEM","OCULTO"
"BQ PETUNIA X5 CREME ROSA","3104000004615","16659832833","","SEM_IMAGEM","OCULTO"
"BQ MARGARIDA X7 VERDE CREME","3104000004552","16657613523","","SEM_IMAGEM","OCULTO"
"BQ ROSA X5 CREME","3104000004550","16657606667","","SEM_IMAGEM","OCULTO"
"HT ORQUIDEA CHUVA DE OURO X5 CREME","3104000004543","16657500907","","SEM_IMAGEM","OCULTO"
"MASTURBADOR CAPSULE SEXY","","16654272232","","SEM_IMAGEM","OCULTO"
"MASTURBADOR EGG FUNNY SEXY","3104000004454","16654264980","","SEM_IMAGEM","OCULTO"
"ALGEMA DE COURO MACIO","3104000004449","16654207756","","SEM_IMAGEM","OCULTO"
"VIBRADOR MAGIC ROSE 2 SEXY","3104000004444","16654116890","","SEM_IMAGEM","OCULTO"
"FLOR DECORATIVA C/ IMÃ GELADEIRA","3104000004424","16653517956","","SEM_IMAGEM","OCULTO"
"TOALHA DE GELADEIRA","3104000004413","16653412999","","SEM_IMAGEM","OCULTO"
"PERFUME INTIMO SEXY","3104000004399","16653258801","","SEM_IMAGEM","OCULTO"
"CREME EXCITANTE FEMME 4G","3104000004398","16653246932","","SEM_IMAGEM","OCULTO"
"CREME MASCULINO SEXY","3104000004394","16653073805","","SEM_IMAGEM","OCULTO"
"TESAO DE VACA 10ML SEX","3104000004392","16653033366","","SEM_IMAGEM","OCULTO"
"DURAMAIS GEL MASCULINO","3104000004390","16653017346","","SEM_IMAGEM","OCULTO"
"GEL MASSAGEM 100DOR SEXY","3104000004389","16653013164","","SEM_IMAGEM","OCULTO"
"LENÇO UMEDECIDO INTIMO","3104000004386","16652979695","lenco-umedecido-intimo-3104000004386.jpg","ID_OK","VISIVEL"
"CREME FACIAL DIURNO","3104000004314","16649334244","","SEM_IMAGEM","OCULTO"
"DESODORANTE ÍNTIMO MORANGO","3104000004313","16649327202","desodorante-intimo-morango.png","ID_OK","VISIVEL"
"DESODORANTE ÍNTIMO TUTTI-FRUIT","3104000004311","16649314550","desodorante-intimo-tutti-frutti.png","ID_OK","VISIVEL"
"DESODORANTE ÍNTIMO DOCE PAIXÃO","3104000004310","16649309650","desodorante-intimo-doce-paixao.png","ID_OK","VISIVEL"
"GELO FACIAL","3104000004240","16645773552","","SEM_IMAGEM","OCULTO"
"CREME DE MÃOS CLASSIC","3104000004235","16645759434","","SEM_IMAGEM","OCULTO"
"PORTA CREME","3104000004120","16631956715","","SEM_IMAGEM","OCULTO"
"BRINQUEDO QUBRA GELO PINGUIM","3104000003923","16627975992","","SEM_IMAGEM","OCULTO"
"BOLINHA DE GEL","3104000004043","16623747866","","SEM_IMAGEM","OCULTO"
"GELATINA CAPILAR UVA 500G - APINIL","3104000004008","16623300893","","SEM_IMAGEM","OCULTO"
"GELATINA CAPILAR TUTTI-FRUITT 500G - APINIL","3104000004007","16623300800","","SEM_IMAGEM","OCULTO"
"GELATINA CAPILAR MORANGUINHO 500G - APINIL","3104000004006","16623300637","","SEM_IMAGEM","OCULTO"
"GELATINA CAPILAR MELANCIA 500G - APINIL","3104000004005","16623300568","","SEM_IMAGEM","OCULTO"
"FORTGEL SPRAY 120ML","3104000004004","16623299669","","SEM_IMAGEM","OCULTO"
"SUPER GEL 30 ERVAS 150G","3104000004003","16623299072","","SEM_IMAGEM","OCULTO"
"GARGANTA PROFUNDA SEX ON THE BEACH","3104000003967","16622751943","","SEM_IMAGEM","OCULTO"
"GEL EXCITNTE SEDENTA 18G SEXY","3104000003966","16622749173","","SEM_IMAGEM","OCULTO"
"GEL FAISCA NA XAVASCA SEXY","3104000003965","16622745906","","SEM_IMAGEM","OCULTO"
"GEL ANEST INDOLOR 15G SEXY","3104000003963","16622729090","","SEM_IMAGEM","OCULTO"
"CREME JAPONES 3G SEXY","3104000003962","16622725075","","SEM_IMAGEM","OCULTO"
"GEL NAPEPEX SEXY","3104000003960","16622720743","","SEM_IMAGEM","OCULTO"
"AROMATIZANTE BUCAL BEIJO SEXY","3104000003959","16622715581","","SEM_IMAGEM","OCULTO"
"CHAVEIRO E CREME HIDRATANTE","3104000003835","16618439661","","SEM_IMAGEM","OCULTO"
"LENÇO HIGIENIZADOR ÍNTIMO","3104000003811","16618377221","","SEM_IMAGEM","OCULTO"
"ANTI ACNE GEL SECATIVO","3104000003797","16618290462","","SEM_IMAGEM","OCULTO"
"BLUSH COMPACTO URSINHOS","3104000003791","16618270587","","SEM_IMAGEM","OCULTO"
"BOX GLOW LOVE CREME PARA AREA DOS OLHOS 60G MAMAO C/ 36","","16615779055","","SEM_IMAGEM","OCULTO"
"LIP GLOSS LITTLE ANGEL","3104000003676","16611555246","","SEM_IMAGEM","OCULTO"
"CREME PROMO","3104000003657","16610631806","","SEM_IMAGEM","OCULTO"
"MINI BULLET DUPLO VIBRADOR","3104000003541","16602145620","","SEM_IMAGEM","OCULTO"
"VIBRADOR GOLFINHO SEXY","3104000003540","16602132978","","SEM_IMAGEM","OCULTO"
"MINI TIGELA MARTELADA","3104000003452","16596132758","","SEM_IMAGEM","OCULTO"
"TIGELA MARTELADA","3104000003451","16596130141","","SEM_IMAGEM","OCULTO"
"GLITTER EM GEL","3104000003425","16595965114","","SEM_IMAGEM","OCULTO"
"GEL CORPORAL 60 ML SEX","3104000003417","16595910138","","SEM_IMAGEM","OCULTO"
"LUBRIFICANTE INTIMO 60ML SEXY","3104000003416","16595896248","","SEM_IMAGEM","OCULTO"
"GEL CORPORAL 15ML SEX","3104000003415","16595893037","","SEM_IMAGEM","OCULTO"
"GEL BEIJAVEL 15ML SEX","3104000003414","16595889802","","SEM_IMAGEM","OCULTO"
"GEL ESQUENTA ESFRIA 10G SEX","3104000003412","16595884912","","SEM_IMAGEM","OCULTO"
"GEL QY P/MASSAGEM CORPORAL SEX","3104000003409","16595864417","","SEM_IMAGEM","OCULTO"
"TESAO DE EGUA 10ML SEX","3104000003408","16595860325","","SEM_IMAGEM","OCULTO"
"TESAO DE JEGUE 10ML SEX","3104000003407","16595859340","","SEM_IMAGEM","OCULTO"
"TESAO DE VACA 20ML SEX","3104000003406","16595850096","","SEM_IMAGEM","OCULTO"
"TESAO DE TOURO 20ML SEX","3104000003405","16595848008","","SEM_IMAGEM","OCULTO"
"TESAO DE TOURO 10ML SEX","3104000003404","16595847026","","SEM_IMAGEM","OCULTO"
"PAU DE CAVALO GEL 40ML SEXY","3104000003403","16595841314","","SEM_IMAGEM","OCULTO"
"FORMA DE GELO C/ TAMPA","3104000003295","16593552246","","SEM_IMAGEM","OCULTO"
"GEL DESSENSIBILIZANTE","3104000003005","16582684590","","SEM_IMAGEM","OCULTO"
"GELEIA DE BRILHO CORPORAL ROSA","3104000002928","16577501496","","SEM_IMAGEM","OCULTO"
"CREME GOLD PROMO","3104000002896","16576455518","","SEM_IMAGEM","OCULTO"
"CREME PROMO","3104000002895","16576455149","","SEM_IMAGEM","OCULTO"
"ALGEMA  DE METAL VELUDO SEXY","3104000002771","16570415057","","SEM_IMAGEM","OCULTO"
"URSINHO DE PELUCIA","3104000002417","16562486415","","SEM_IMAGEM","OCULTO"
"VIBRADOR GOLFINHO PREMIUM SEXY","3104000002222","16557196605","","SEM_IMAGEM","OCULTO"
"MINI BULLET VIBRADOR","3104000002221","16557186294","","SEM_IMAGEM","OCULTO"
"GEL KU LOKO SEXY","3104000002208","16557118840","","SEM_IMAGEM","OCULTO"
"GEL XANA LOKA SEXY","3104000002207","16557114208","","SEM_IMAGEM","OCULTO"
"ORBIS BOLINHA D/ GEL","3104000001920","16554719923","","SEM_IMAGEM","OCULTO"
"PLUG M GOLD","3104000001754","16547788206","","SEM_IMAGEM","OCULTO"
"BARALHO SUPER EROTICO SEXY","3104000001685","16543915084","","SEM_IMAGEM","OCULTO"
"VIBRADOR MULVELOCIDADE SEXY","3104000001681","16543906926","","SEM_IMAGEM","OCULTO"
"CREME DE PENTEAR PROMOÇÃO","3104000001611","16540192391","","SEM_IMAGEM","OCULTO"
"DESODORANTE INTIMO BABASOUL","3104000001603","16539822514","","SEM_IMAGEM","OCULTO"
"GEL DE SOBRANCELHA","3104000001599","16539720654","","SEM_IMAGEM","OCULTO"
"QUADRO MAG. GELADEIRA","3104000001528","16531830184","","SEM_IMAGEM","OCULTO"
"CREME ROSA MOSQUETA","3104000001521","16530891411","","SEM_IMAGEM","OCULTO"
"GEL ESFOLIANTE PEDRAS VULCÂNICAS - ISIS","3104000001506","16527895991","","SEM_IMAGEM","OCULTO"
"NOCUCEDIM SEX","3104000001500","16527797757","nocucedim-18ml.png","ID_OK","VISIVEL"
"PLUG METAL PREMIUM SEXY","3104000001499","16527796028","plug-metal-premium-sexy-3104000001499.jpg","ID_OK","VISIVEL"
"GEL P/ MASSAGEM CORPORAL SEX","3104000001497","16527794149","","SEM_IMAGEM","OCULTO"
"NABUCETIM SEX","3104000001491","16527790733","nabucetim-18ml.png","ID_OK","VISIVEL"
"GELEIA DE BRILHO CORPORAL BRANCA","3104000001484","16527710285","","SEM_IMAGEM","OCULTO"
"LUBRIFICANTE INTIMO PREMIUM SEXY","3104000001480","16527683245","","SEM_IMAGEM","OCULTO"
"MINI BOLINHA SEXY","3104000001420","16526303531","","SEM_IMAGEM","OCULTO"
"PISTOLA DE GEL","3104000001238","16521700953","","SEM_IMAGEM","OCULTO"
"ESPATULA P/CREME","3104000001136","16520068769","","SEM_IMAGEM","OCULTO"
"GEL CALMANTE POS DEPILATORIO","3104000001134","16520060831","","SEM_IMAGEM","OCULTO"
"CORTADOR DE UNHA EM GEL","3104000001118","16519238856","","SEM_IMAGEM","OCULTO"
"GEL MASSAGEADOR FORTGEL","3104000001098","16519215552","","SEM_IMAGEM","OCULTO"
"GEL MASSAGEADOR PIMENTA NEGRA","3104000001097","16519215303","","SEM_IMAGEM","OCULTO"
"GELEIA DE BRILHO CORPORAL DOURADA","3104000001096","16519214490","","SEM_IMAGEM","OCULTO"
"GEL KISS GIRS","3104000001093","16519210447","","SEM_IMAGEM","OCULTO"
"ORGANIZADOR DE GELADEIRA","3104000001085","16519205989","","SEM_IMAGEM","OCULTO"
"TIGELA P/SOBREMESA","3104000000947","16517929683","","SEM_IMAGEM","OCULTO"
"BOLSA DE GELO","3104000000943","16517919604","","SEM_IMAGEM","OCULTO"
"ALGEMA INFANTIL","3104000000886","16516734948","","SEM_IMAGEM","OCULTO"
"ARMINHA DE GEL","3104000000840","16516688123","","SEM_IMAGEM","OCULTO"
"VIBRADOR GOLD SEXY","3104000000822","16516524201","","SEM_IMAGEM","OCULTO"
"VIBRADOR PREMIUM SEXY","3104000000821","16516523933","","SEM_IMAGEM","OCULTO"
"BALA LIQUIDA SEXY","3104000000813","16516511103","","SEM_IMAGEM","OCULTO"
"GEL BABBALLO FEMININO","3104000000811","16516510721","","SEM_IMAGEM","OCULTO"
"VIBRADOR SEXY","3104000000809","16516509432","","SEM_IMAGEM","OCULTO"
"PLUG SILICONE SEXY","3104000000805","16516508132","","SEM_IMAGEM","OCULTO"
"PLUG METAL SEXY","3104000000804","16516507925","plug-metal-sexy-3104000000804.jpg","ID_OK","VISIVEL"
"MASTURBADOR EGG LARANJA SEXY","3104000000801","16516507187","egg-twister.png","ID_OK","VISIVEL"
"BOLINHA SEXY","3104000000795","16516505505","","SEM_IMAGEM","OCULTO"
"BARALHO KAMA SUTRA SEXY","3104000000793","16516503922","","SEM_IMAGEM","OCULTO"
"ANEL PENIANO SEXY","3104000000791","16516502926","","SEM_IMAGEM","OCULTO"
"ALGEMA  DE METAL SEXY","3104000000790","16516499854","","SEM_IMAGEM","OCULTO"
"LUBRIFICANTE INTIMO SEXY","3104000000789","16516499068","","SEM_IMAGEM","OCULTO"
"GEL COMESTIVEL SEXY","3104000000788","16516497528","","SEM_IMAGEM","OCULTO"
"GEL ANESTESICO SEXY","3104000000787","16516494826","","SEM_IMAGEM","OCULTO"
"CREME LUVAS DE SILICONE","3104000000687","16515153496","","SEM_IMAGEM","OCULTO"
"GEL BABOSA","3104000000679","16515143729","","SEM_IMAGEM","OCULTO"
"GEL P/ SOBRANCELHA","3104000000653","16515014578","","SEM_IMAGEM","OCULTO"
"UMIDIFICADOR EGG","3104000000627","16513341261","","SEM_IMAGEM","OCULTO"
"ROLO GEL TIRA PELO","3104000000467","16440937469","","SEM_IMAGEM","OCULTO"
"GEL DE UNHA","3104000000463","16440937449","","SEM_IMAGEM","OCULTO"
"CREME CORPORAL PREMIUM","3104000000332","16440936887","","SEM_IMAGEM","OCULTO"
"CREME CORPORAL","3104000000327","16440936871","","SEM_IMAGEM","OCULTO"
"SABONETE INTIMO","3104000000321","16440936860","","SEM_IMAGEM","OCULTO"
"CREME DE PENTEAR","3104000000320","16440936859","","SEM_IMAGEM","OCULTO"
"GELO ARTIFICIAL","3104000000139","16440936042","","SEM_IMAGEM","OCULTO"
"FORMA DE GELO SILICONE","3104000000120","16440935952","","SEM_IMAGEM","OCULTO"